event_id,horizon,signed_close_return_atr,signed_close_return_pct,MFE_atr,MAE_atr,signed_efficiency,net_to_path_ratio,directional_persistence,longest_directional_run,time_to_MFE,time_to_MAE,path_length_atr,high_low_range_atr,number_of_sign_changes,number_of_local_pivots,reversal_after_MFE
F042,10,2.2915789473684223,0.08855353075170848,2.578947368421055,-0.022105263157892303,0.5123558484349263,0.5123558484349263,0.8,5,2,1,4.472631578947367,2.6010526315789475,4,4,1
F042,20,3.0431578947368423,0.11759681093394078,3.404210526315791,-0.022105263157892303,0.4785631517960607,0.4785631517960607,0.7,5,18,1,6.358947368421048,3.426315789473683,10,10,0
F042,30,2.5494736842105277,0.09851936218678821,3.8536842105263167,-0.022105263157892303,0.2873754152823924,0.2873754152823924,0.6333333333333333,5,26,1,8.871578947368414,3.8757894736842093,17,17,1
F042,60,3.3157894736842093,0.128132118451025,3.8536842105263167,-0.022105263157892303,0.22681451612903208,0.22681451612903208,0.6,5,26,1,14.61894736842106,3.8757894736842093,36,36,1
F041,10,1.9250897896357098,0.07714450201496831,2.2411493073370963,-0.021549512570550614,0.46689895470383297,0.46689895470383297,0.7,5,1,1,4.123140071831704,2.262698819907647,5,4,1
F041,20,2.5643919958953316,0.10276338514680487,3.0456644433042577,-0.021549512570550614,0.4234875444839865,0.4234875444839865,0.65,5,17,1,6.055413032324259,3.0672139558748084,11,10,0
F041,30,2.492560287326835,0.0998848589522165,3.483837865572087,-0.021549512570550614,0.2879668049792535,0.2879668049792535,0.6333333333333333,5,25,1,8.65572088250384,3.505387378142638,18,17,1
F041,60,3.2252437147254995,0.12924582613701785,3.483837865572087,-0.021549512570550614,0.226424609178013,0.226424609178013,0.6,5,25,1,14.244227809132894,3.505387378142638,36,35,1
F030,10,-0.08117752007136632,-0.00404858299595149,0.2747546833184666,-1.011596788581623,-0.03951367781155088,-0.03951367781155088,0.6,5,8,4,2.0544157002676173,1.2863514719000897,4,3,0
F030,20,0.7243532560214094,0.03612581750233572,1.0053523639607496,-1.011596788581623,0.19269102990033266,0.19269102990033266,0.65,5,16,4,3.7591436217662717,2.016949152542373,11,10,0
F030,30,-0.1748438893844797,-0.008720024914356975,1.3862622658340766,-1.011596788581623,-0.026565464895635924,-0.026565464895635924,0.6,5,24,4,6.5816235504014236,2.3978590544157,18,17,1
F030,60,1.1239964317573605,0.056057303020865826,1.3862622658340766,-1.011596788581623,0.10428736964078798,0.10428736964078798,0.5833333333333334,5,24,4,10.777876895628909,2.3978590544157,36,35,1
F033,10,1.0769230769230762,0.026179702650290872,3.031339031339029,-0.3589743589743637,0.16981132075471664,0.16981132075471664,0.4,1,7,1,6.341880341880351,3.390313390313393,7,6,1
F033,20,0.43874643874643465,0.010665804783451744,3.031339031339029,-0.3589743589743637,0.055462184873948966,0.055462184873948966,0.45,3,7,1,7.910731244064591,3.390313390313393,13,12,1
F033,30,1.0104463437796765,0.024563671622495137,3.031339031339029,-0.47863247863247754,0.0992167101827675,0.0992167101827675,0.4666666666666667,3,7,24,10.184235517568858,3.509971509971507,18,17,1
F033,60,0.05318138651472137,0.001292824822236624,3.031339031339029,-1.2896486229819544,0.003110419906687484,0.003110419906687484,0.48333333333333334,3,7,34,17.097815764482473,4.320987654320984,39,36,1
F009,10,0.4966216216216196,0.007169682485489897,0.9695945945945932,-0.6858108108108143,0.16030534351144968,0.16030534351144968,0.6,3,2,3,3.097972972972974,1.6554054054054075,6,5,1
F009,20,-0.9459459459459472,-0.013656538067599876,0.9695945945945932,-2.7668918918918903,-0.1449275362318838,-0.1449275362318838,0.55,3,2,20,6.527027027027046,3.7364864864864833,13,12,1
F009,30,1.3243243243243235,0.019119153294639788,2.2939189189189166,-2.7668918918918903,0.1302325581395348,0.1302325581395348,0.5666666666666667,3,27,20,10.16891891891892,5.060810810810807,20,17,1
F009,60,-0.614864864864863,-0.008876749743939882,2.2939189189189166,-2.7668918918918903,-0.037356321839080366,-0.037356321839080366,0.5,3,27,20,16.459459459459453,5.060810810810807,34,31,1
F002,10,-3.3837638376383783,-0.046486870120652946,0.2324723247232504,-4.39114391143912,-0.6453201970443355,-0.6453201970443355,0.3,2,1,6,5.243542435424353,4.623616236162371,4,4,1
F002,20,-4.907749077490782,-0.06742370475514556,0.2324723247232504,-13.12177121771218,-0.29968454258675153,-0.29968454258675153,0.5,3,1,12,16.37638376383762,13.35424354243543,11,11,1
F002,30,-3.0221402214022124,-0.04151880766501061,0.2324723247232504,-13.12177121771218,-0.14426633785450066,-0.14426633785450066,0.5333333333333333,3,1,12,20.948339483394818,13.35424354243543,16,16,1
F002,60,-5.398523985239849,-0.07416607523065995,0.2324723247232504,-13.12177121771218,-0.14917915774446835,-0.14917915774446835,0.45,3,1,12,36.18819188191877,13.35424354243543,34,32,1
F001,10,-1.9731543624161159,-0.030578813250819143,0.8221476510067138,-10.265100671140958,-0.18181818181818235,-0.18181818181818235,0.6,3,3,7,10.852348993288604,11.087248322147673,5,4,1
F001,20,-1.9731543624161159,-0.030578813250819143,0.8221476510067138,-10.265100671140958,-0.134615384615385,-0.134615384615385,0.6,3,3,7,14.65771812080539,11.087248322147673,12,11,1
F001,30,-2.4194630872483214,-0.0374954495813614,0.8221476510067138,-10.265100671140958,-0.123058542413381,-0.123058542413381,0.5666666666666667,3,3,7,19.66107382550337,11.087248322147673,17,16,1
F001,60,-3.312080536912759,-0.05132872224244631,0.8221476510067138,-10.265100671140958,-0.10545998504113711,-0.10545998504113711,0.4666666666666667,3,3,7,31.406040268456373,11.087248322147673,34,31,1
F003,10,-2.6704067321178173,-0.04920405209840811,0.35343618513324515,-8.91444600280506,-0.2845188284518828,-0.2845188284518828,0.6,3,1,5,9.385694249649388,9.267882187938305,6,5,1
F003,20,-1.6690042075736262,-0.030752532561504894,0.35343618513324515,-8.91444600280506,-0.13343799058084702,-0.13343799058084702,0.6,3,1,5,12.507713884993006,9.267882187938305,12,11,1
F003,30,-2.9060308555399734,-0.053545586107091106,0.35343618513324515,-8.91444600280506,-0.17535545023696664,-0.17535545023696664,0.5333333333333333,3,1,5,16.572230014025273,9.267882187938305,17,16,1
F003,60,-3.082748948106596,-0.056801736613603444,0.35343618513324515,-8.91444600280506,-0.1192103264996205,-0.1192103264996205,0.4666666666666667,3,1,5,25.85974754558205,9.267882187938305,34,30,1
M01,10,2.6110124333925357,0.04415475189234643,3.705150976909407,-0.22380106571936356,0.47511312217194646,0.47511312217194646,0.6,2,4,1,5.495559502664281,3.92895204262877,4,4,1
M01,20,4.003552397868563,0.06770395290159799,4.301953818827705,-0.22380106571936356,0.4805970149253728,0.4805970149253728,0.6,3,20,1,8.330373001776207,4.5257548845470685,10,10,0
M01,30,2.635879218472469,0.04457527333894028,4.301953818827705,-0.22380106571936356,0.22268907563025217,0.22268907563025217,0.5,3,20,1,11.836589698046177,4.5257548845470685,15,15,1
M01,60,2.2877442273534605,0.03868797308662736,4.973357015985782,-0.22380106571936356,0.09787234042553174,0.09787234042553174,0.43333333333333335,3,46,1,23.374777975133227,5.197158081705146,33,33,1
M02,10,1.3709923664122161,0.06720550815746153,1.8961832061068726,-0.42137404580152465,0.5605493133583,0.5605493133583,0.6,2,4,1,2.445801526717571,2.317557251908397,6,6,1
M02,20,2.250381679389314,0.11031282742104473,2.5221374045801546,-0.42137404580152465,0.4257654534950891,0.4257654534950891,0.6,3,13,1,5.2854961832061145,2.943511450381679,12,12,1
M02,30,2.003053435114505,0.09818889387816193,3.7984732824427523,-0.42137404580152465,0.2468021068472534,0.2468021068472534,0.5666666666666667,4,27,1,8.116030534351154,4.219847328244277,17,17,1
M02,60,1.6610687022900774,0.08142493638676845,3.7984732824427523,-0.42137404580152465,0.11207251751133086,0.11207251751133086,0.5166666666666667,5,27,1,14.821374045801537,4.219847328244277,33,33,1
M03,10,1.1022326674500615,0.02923849007200529,1.8260869565217404,-0.9706227967097522,0.21967213114754136,0.21967213114754136,0.5,2,6,1,5.017626321974152,2.7967097532314926,7,6,0
M03,20,2.0399529964747365,0.05411302640192012,2.632197414806115,-0.9706227967097522,0.22752293577981655,0.22752293577981655,0.55,2,20,1,8.965922444183315,3.602820211515867,15,14,0
M03,30,3.076380728554643,0.08160593497708922,3.4629847238542895,-0.9706227967097522,0.2551159618008186,0.2551159618008186,0.6,3,29,1,12.0587544065805,4.433607520564042,22,21,0
M03,60,4.935370152761461,0.13091861226271,6.465334900117519,-0.9706227967097522,0.1930501930501933,0.1930501930501933,0.5666666666666667,5,40,1,25.565217391304333,7.435957696827271,36,35,1
M04,10,2.9944557922381096,0.09208542713567842,5.2249781149693595,-0.2818791946308686,0.4205393000573725,0.4205393000573725,0.5,2,6,1,7.120513568718994,5.506857309600228,6,6,1
M04,20,4.534578348409686,0.1394472361809045,6.830463962649546,-0.2818791946308686,0.3247513165593913,0.3247513165593913,0.5,4,17,1,13.963233148526408,7.1123431572804146,11,11,1
M04,30,7.300262620367669,0.22449748743718603,8.35833090166326,-0.2818791946308686,0.3845491715085002,0.3845491715085002,0.6,4,30,1,18.983950977531368,8.640210096294128,16,16,1
M04,60,6.5118179165450805,0.200251256281407,9.346950685730958,-0.2818791946308686,0.2302137492778739,0.2302137492778739,0.5166666666666667,4,35,1,28.285964400350167,9.628829880361826,30,30,1
M05,10,3.4035087719298236,0.149876390605686,3.473684210526315,-0.5122807017543841,0.8707360861759428,0.8707360861759428,0.8,5,10,1,3.9087719298245593,3.985964912280699,2,2,0
M05,20,3.726315789473683,0.16409147095179227,3.901754385964911,-0.5122807017543841,0.4458438287153653,0.4458438287153653,0.55,5,20,1,8.3578947368421,4.414035087719295,6,6,0
M05,30,3.7824561403508774,0.1665636588380717,4.007017543859648,-0.5122807017543841,0.3316923076923076,0.3316923076923076,0.6333333333333333,7,28,1,11.403508771929827,4.519298245614032,10,10,0
M05,60,7.76842105263158,0.34208899876390614,8.603508771929823,-0.5122807017543841,0.3940904236383056,0.3940904236383056,0.6666666666666666,7,52,1,19.71228070175438,9.115789473684208,26,24,1
M06,10,1.0031152647975066,0.020390070921985786,2.74766355140187,-0.5560747663551396,0.14067278287461726,0.14067278287461726,0.5,2,2,9,7.130841121495343,3.3037383177570097,6,5,1
M06,20,3.336448598130844,0.06781914893617025,4.110591900311529,-0.5560747663551396,0.2838589981447118,0.2838589981447118,0.55,3,18,9,11.75389408099692,4.666666666666669,10,9,1
M06,30,1.6355140186915909,0.03324468085106386,4.110591900311529,-0.5560747663551396,0.10533707865168518,0.10533707865168518,0.5,3,18,9,15.526479750778867,4.666666666666669,16,15,1
M06,60,4.917445482866042,0.09995567375886519,7.654205607476636,-0.5560747663551396,0.15028323892035964,0.15028323892035964,0.55,5,59,9,32.721183800623095,8.210280373831775,33,30,1
M07,10,2.5527950310559047,0.13903924221921526,2.7204968944099406,-0.8633540372670795,0.4981818181818184,0.4981818181818184,0.6,3,10,1,5.124223602484478,3.58385093167702,6,5,0
M07,20,2.726708074534167,0.14851150202977015,3.0434782608695707,-0.8633540372670795,0.358953393295176,0.358953393295176,0.5,3,20,1,7.596273291925478,3.90683229813665,10,9,0
M07,30,3.2173913043478297,0.17523680649526394,3.639751552795037,-0.8633540372670795,0.3337628865979381,0.3337628865979381,0.5333333333333333,4,22,1,9.639751552795044,4.503105590062116,14,13,0
M07,60,2.465838509316773,0.13430311231393782,3.770186335403732,-0.8633540372670795,0.15501757126122603,0.15501757126122603,0.48333333333333334,4,36,1,15.90683229813667,4.6335403726708115,31,30,1
F011,10,3.285464098073553,0.07110639426903685,4.339754816112081,-0.5394045534150562,0.7790697674418617,0.7790697674418617,0.7,4,10,1,4.217162872154106,4.879159369527137,4,4,1
F011,20,1.532399299474607,0.03316529583443887,4.486865148861647,-0.5394045534150562,0.16425755584756938,0.16425755584756938,0.5,4,15,1,9.329246935201384,5.0262697022767036,11,11,1
F011,30,3.604203152364277,0.07800477580260025,4.952714535901924,-0.5394045534150562,0.2534482758620697,0.2534482758620697,0.5,4,27,1,14.220665499124317,5.49211908931698,15,15,1
F011,60,6.509632224168128,0.1408861767046963,8.863397548161123,-0.5394045534150562,0.24709167054443945,0.24709167054443945,0.5833333333333334,8,53,1,26.345008756567417,9.402802101576178,31,31,1
F026,10,0.2248520710059124,0.005396194262993346,1.8106508875739646,-1.3964497041420176,0.03792415169660595,0.03792415169660595,0.6,4,9,4,5.928994082840242,3.207100591715982,6,5,1
F026,20,-0.49704142011834823,-0.011928429423459348,1.8106508875739646,-1.846153846153849,-0.052500000000000525,-0.052500000000000525,0.6,5,9,16,9.467455621301777,3.6568047337278133,9,8,1
F026,30,-2.4497041420118437,-0.05879011644419213,1.8106508875739646,-3.0414201183431993,-0.20679320679320762,-0.20679320679320762,0.4666666666666667,6,9,29,11.846153846153845,4.852071005917164,11,10,1
F026,60,-4.0118343195266375,-0.0962794660607783,1.8106508875739646,-5.822485207100602,-0.15730858468677503,-0.15730858468677503,0.45,6,9,59,25.502958579881707,7.633136094674566,31,30,1
F008,10,-0.22082018927444227,-0.005592841163310812,1.0820189274447995,-1.9100946372239749,-0.05076142131979568,-0.05076142131979568,0.6,4,7,2,4.350157728706622,2.9921135646687747,6,5,1
F008,20,-1.2255520504731874,-0.03104026845637584,1.0820189274447995,-2.3296529968454234,-0.16542473919523112,-0.16542473919523112,0.6,6,7,14,7.40851735015773,3.4116719242902227,8,7,1
F008,30,-2.6498422712933745,-0.06711409395973145,1.0820189274447995,-3.632492113564671,-0.24640657084188908,-0.24640657084188908,0.4666666666666667,6,7,29,10.753943217665613,4.71451104100947,11,10,1
F008,60,-3.7870662460567863,-0.095917225950783,1.0820189274447995,-6.039432176656155,-0.16789035731766996,-0.16789035731766996,0.45,6,7,57,22.5567823343849,7.121451104100955,30,28,1
F025,10,-0.041116005873710636,-0.0011379800853483812,1.6343612334801803,-0.462555066079296,-0.010869565217390124,-0.010869565217390124,0.5,4,5,1,3.7826725403817894,2.096916299559476,4,3,1
F025,20,-0.719530102790016,-0.019914651493598882,1.6343612334801803,-1.5418502202643143,-0.11290322580645182,-0.11290322580645182,0.55,6,5,12,6.372980910425844,3.1762114537444943,6,5,1
F025,30,-2.1277533039647594,-0.0588904694167852,1.6343612334801803,-2.754772393538915,-0.22234156820623005,-0.22234156820623005,0.43333333333333335,6,5,27,9.569750367107194,4.3891336270190955,10,9,1
F025,60,-2.549192364170339,-0.07055476529160737,1.6343612334801803,-4.99559471365639,-0.1236291126620138,-0.1236291126620138,0.4666666666666667,6,5,55,20.61967694566817,6.62995594713657,29,26,1
F027,10,-0.9630702389572782,-0.02676810369118064,1.2671976828385239,-1.8653149891383027,-0.20084566596194542,-0.20084566596194542,0.5,3,3,10,4.795076031860965,3.132512671976827,4,4,1
F027,20,-1.216509775524983,-0.03381234150464923,1.2671976828385239,-1.8653149891383027,-0.21126760563380315,-0.21126760563380315,0.5,6,3,10,5.758146270818243,3.132512671976827,5,5,1
F027,30,-2.0173787110789254,-0.05607213299520984,1.2671976828385239,-3.0615496017378714,-0.2151351351351349,-0.2151351351351349,0.43333333333333335,6,3,25,9.377262853005066,4.328747284576395,11,11,1
F027,60,-2.514120202751628,-0.0698788391096083,1.2671976828385239,-5.271542360608254,-0.12375249500997987,-0.12375249500997987,0.4666666666666667,6,3,53,20.315713251267216,6.5387400434467775,30,28,1
M08,10,3.1466198419666402,0.08178913738019174,3.318700614574192,-1.2414398595259002,0.8888888888888895,0.8888888888888895,0.8,3,10,1,3.5399473222124676,4.560140474100092,4,2,0
M08,20,3.1834942932396824,0.08274760383386574,4.400351185250221,-1.2414398595259002,0.4238952536824875,0.4238952536824875,0.65,3,19,1,7.510096575943812,5.641791044776121,9,7,1
M08,30,4.228270412642669,0.10990415335463255,4.400351185250221,-1.2414398595259002,0.38565022421524625,0.38565022421524625,0.6333333333333333,3,19,1,10.964003511852514,5.641791044776121,16,14,1
M08,60,2.0035118525021933,0.05207667731629387,6.379280070237053,-1.2414398595259002,0.09287749287749272,0.09287749287749272,0.55,6,42,1,21.57155399473224,7.620719929762953,33,31,1
F018,10,0.9528130671506363,0.018391368317802862,2.0199637023593433,-0.19056261343012726,0.2873563218390787,0.2873563218390787,0.5,2,7,2,3.315789473684234,2.210526315789471,6,5,1
F018,20,3.7604355716878435,0.07258460029426193,3.7985480943738645,-0.19056261343012726,0.43023255813953426,0.43023255813953426,0.55,4,20,2,8.740471869328514,3.989110707803992,10,9,0
F018,30,6.212341197822143,0.11991172143207454,8.37205081669692,-0.19056261343012726,0.37242955064737204,0.37242955064737204,0.5333333333333333,4,27,2,16.680580762250475,8.562613430127046,16,15,1
F018,60,5.780399274047187,0.11157430112800389,9.70598911070781,-0.19056261343012726,0.19756838905775054,0.19756838905775054,0.48333333333333334,4,37,2,29.25771324863887,9.896551724137938,30,29,1
F016,10,-0.04982206405694093,-0.001008064516129061,0.6103202846975039,-0.921708185053383,-0.014388489208633453,-0.014388489208633453,0.5,4,1,3,3.4626334519573083,1.532028469750887,3,3,1
F016,20,3.811387900355867,0.07711693548387087,5.243772241992879,-0.921708185053383,0.36255924170616055,0.36255924170616055,0.5,4,20,3,10.512455516014239,6.165480427046262,9,9,1
F016,30,6.775800711743773,0.1370967741935484,7.635231316725974,-0.921708185053383,0.3621837549933422,0.3621837549933422,0.5333333333333333,4,27,3,18.708185053380785,8.556939501779357,15,15,1
F016,60,5.604982206405692,0.1134072580645161,8.145907473309611,-0.921708185053383,0.1948051948051947,0.1948051948051947,0.5,4,31,3,28.772241992882567,9.067615658362994,29,29,1
F017,10,2.137198067632847,0.039411324519830336,2.7053140096618296,-0.44637681159420617,0.43406593406593436,0.43406593406593436,0.6,3,10,6,4.923671497584531,3.151690821256036,4,4,0
F017,20,5.329468599033813,0.0982788725367922,7.980676328502412,-0.44637681159420617,0.3817829457364342,0.3817829457364342,0.55,3,18,6,13.959420289855062,8.427053140096618,9,9,1
F017,30,7.899516908212551,0.14567223746570207,9.400966183574877,-0.44637681159420617,0.383705650459921,0.383705650459921,0.5666666666666667,3,28,6,20.587439613526556,9.847342995169083,15,15,1
F017,60,7.696618357487921,0.14193065602394614,9.400966183574877,-0.44637681159420617,0.24368308351177734,0.24368308351177734,0.5333333333333333,4,28,6,31.584541062801918,9.847342995169083,28,28,1
F035,10,3.1095477386934673,0.055208593554833894,3.1517587939698446,-0.5487437185929667,0.5175644028103051,0.5175644028103051,0.6,2,10,5,6.008040201005017,3.7005025125628115,4,4,0
F035,20,5.8251256281407,0.10342243317511865,8.217085427135677,-0.5487437185929667,0.3935361216730039,0.3935361216730039,0.55,3,17,5,14.802010050251246,8.765829145728643,10,10,1
F035,30,7.794974874371857,0.1383962028478641,9.694472361809044,-0.5487437185929667,0.35974025974025997,0.35974025974025997,0.5333333333333333,3,27,5,21.668341708542695,10.24321608040201,15,15,1
F035,60,7.837185929648235,0.13914564076942287,9.694472361809044,-0.5487437185929667,0.23854389721627392,0.23854389721627392,0.5166666666666667,4,27,5,32.85427135678391,10.24321608040201,29,29,1
F036,10,3.0,0.05248687828042994,3.2000000000000015,-0.5857142857142841,0.483870967741936,0.483870967741936,0.5,2,10,4,6.199999999999994,3.7857142857142856,5,4,0
F036,20,7.0857142857142845,0.12396900774806306,8.314285714285711,-0.5857142857142841,0.43738977072310437,0.43738977072310437,0.55,3,16,4,16.199999999999985,8.899999999999995,10,9,1
F036,30,7.828571428571424,0.13696575856035995,9.814285714285711,-0.5857142857142841,0.3553826199740599,0.3553826199740599,0.5,3,26,4,22.0285714285714,10.399999999999995,15,14,1
F036,60,7.885714285714283,0.13796550862284435,9.814285714285711,-0.5857142857142841,0.23630136986301378,0.23630136986301378,0.5,4,26,4,33.371428571428545,10.399999999999995,29,28,1
F012,10,3.052959501557633,0.05328596802841923,3.4454828660436116,-1.4683281412253364,0.483870967741936,0.483870967741936,0.5,2,10,3,6.3094496365524355,4.913811007268948,5,5,0
F012,20,6.149532710280371,0.10733316417153008,7.588785046728971,-1.4683281412253364,0.38914443422263106,0.38914443422263106,0.5,3,15,3,15.802699896157833,9.057113187954307,10,10,1
F012,30,6.4548286604361325,0.11266176097437197,9.115264797507788,-1.4683281412253364,0.290956749672346,0.290956749672346,0.4666666666666667,3,25,3,22.184839044652108,10.583592938733124,14,14,1
F012,60,7.254413291796465,0.12661760974371986,9.115264797507788,-1.4683281412253364,0.21857205431449847,0.21857205431449847,0.5,4,25,3,33.190031152647954,10.583592938733124,29,29,1
F020,10,-1.7073170731707281,-0.05255878284923918,0.05391527599486426,-2.7047496790757397,-0.38775510204081565,-0.38775510204081565,0.4,2,1,8,4.403080872913991,2.758664955070604,5,5,1
F020,20,-0.7637997432605912,-0.02351313969571233,0.05391527599486426,-2.7047496790757397,-0.11821974965229493,-0.11821974965229493,0.5,5,1,8,6.46084724005135,2.758664955070604,10,10,1
F020,30,0.34146341463414864,0.010511756569847928,0.6020539152759984,-2.7047496790757397,0.038539553752535746,0.038539553752535746,0.5666666666666667,6,30,8,8.860077021822852,3.306803594351738,13,13,0
F020,60,-0.9165596919127074,-0.028215767634854737,0.6020539152759984,-2.740693196405646,-0.06234718826405857,-0.06234718826405857,0.5,6,30,52,14.700898587933255,3.342747111681644,28,28,1
F039,10,-0.18537200504413542,-0.005969300739056256,0.29129886506935915,-1.8007566204287546,-0.04783599088838254,-0.04783599088838254,0.6,4,1,5,3.8751576292559857,2.092055485498114,3,2,1
F039,20,-0.10592686002521884,-0.003411028993746387,0.37074401008827085,-1.8007566204287546,-0.017751479289940517,-0.017751479289940517,0.5,5,12,5,5.9672131147541,2.1715006305170252,9,8,0
F039,30,0.5561160151324063,0.017907902217168765,1.447667087011352,-1.8007566204287546,0.06652587117212219,0.06652587117212219,0.5666666666666667,6,27,5,8.359394703657001,3.2484237074401063,13,12,0
F039,60,0.22068095838587667,0.007106310403638437,1.447667087011352,-1.836065573770491,0.016202203499675966,0.016202203499675966,0.5166666666666667,6,27,49,13.6204287515763,3.283732660781843,28,26,1
F038,10,0.8049792531120323,0.028279883381924158,1.0788381742738555,-0.9626556016597558,0.3139158576051777,0.3139158576051777,0.6,5,10,3,2.5643153526970948,2.0414937759336116,3,2,0
F038,20,0.4896265560165944,0.017201166180757902,1.0788381742738555,-0.9626556016597558,0.11111111111111041,0.11111111111111041,0.5,5,10,3,4.406639004149377,2.0414937759336116,10,9,0
F038,30,0.6556016597510345,0.02303206997084537,2.0912863070539425,-0.9626556016597558,0.09283196239717934,0.09283196239717934,0.5333333333333333,6,25,3,7.062240663900417,3.0539419087136985,13,12,1
F038,60,0.8215767634854745,0.028862973760932838,2.0912863070539425,-0.9958506224066401,0.07056307911617934,0.07056307911617934,0.5166666666666667,6,25,47,11.643153526970961,3.087136929460583,29,26,1
F019,10,0.8162132148806179,0.030656934306569204,1.0494169905607957,-0.2953914491948936,0.4585152838427921,0.4585152838427921,0.6,4,5,1,1.7801221543586911,1.3448084397556892,5,5,0
F019,20,1.7723486951693486,0.06656934306569338,1.997779011660188,-0.2953914491948936,0.45967741935483813,0.45967741935483813,0.65,6,20,1,3.8556357579122715,2.2931704608550816,8,8,0
F019,30,0.11660188784008457,0.004379562043795462,1.997779011660188,-0.2953914491948936,0.018450184501844342,0.018450184501844342,0.5,6,20,1,6.319822320932815,2.2931704608550816,13,13,1
F019,60,0.37312604108828185,0.0140145985401459,1.997779011660188,-0.8939478067740148,0.033898305084745534,0.033898305084745534,0.5333333333333333,6,20,42,11.00721821210439,2.891726818434203,29,27,1
F044,10,0.6920152091254773,0.022615250797332644,0.984790874524714,-0.20405576679340645,0.37500000000000067,0.37500000000000067,0.5,3,4,1,1.8453738910012696,1.1888466413181205,5,5,0
F044,20,1.543726235741446,0.050449405624818866,2.067173637515845,-0.20405576679340645,0.34661354581673304,0.34661354581673304,0.6,6,19,1,4.453738910012678,2.2712294043092514,9,9,0
F044,30,-0.0266159695817461,-0.0008698173383588489,2.067173637515845,-0.39036755386564886,-0.003773584905659956,-0.003773584905659956,0.5,6,19,29,7.053231939163504,2.4575411913814937,14,14,1
F044,60,0.30164765525982357,0.009857929834734746,2.067173637515845,-1.2332065906210354,0.024251069900142728,0.024251069900142728,0.5333333333333333,6,19,41,12.438529784537394,3.3003802281368806,29,27,1
F043,10,0.25362318840579723,0.007240081088908203,1.0855072463768098,-0.020289855072461525,0.09881422924901177,0.09881422924901177,0.4,2,3,1,2.56666666666667,1.1057971014492713,5,5,0
F043,20,1.2376811594202881,0.03533159571387196,2.3231884057971035,-0.020289855072461525,0.22344322344322284,0.22344322344322284,0.55,6,18,1,5.539130434782616,2.3434782608695652,9,9,1
F043,30,-0.040579710144928685,-0.0011584129742253444,2.3231884057971035,-0.4869565217391273,-0.005037783375315001,-0.005037783375315001,0.5,6,18,28,8.055072463768122,2.810144927536231,14,14,1
F043,60,1.0652173913043483,0.03040834057341445,2.3231884057971035,-1.4507246376811567,0.07128309572301425,0.07128309572301425,0.5333333333333333,6,18,40,14.943478260869574,3.7739130434782604,29,27,1
F031,10,-0.43570843570843215,-0.010764872521246374,0.2866502866502868,-0.894348894348891,-0.17117117117116942,-0.17117117117116942,0.4,2,3,7,2.5454545454545507,1.1809991809991778,5,5,0
F031,20,0.2866502866502868,0.007082152974504256,1.7428337428337477,-0.894348894348891,0.042735042735042736,0.042735042735042736,0.5,6,14,7,6.707616707616712,2.637182637182639,9,9,1
F031,30,-1.5479115479115424,-0.03824362606232282,1.7428337428337477,-1.8116298116298089,-0.1741935483870962,-0.1741935483870962,0.43333333333333335,6,14,29,8.886158886158885,3.5544635544635566,14,14,1
F031,60,1.2268632268632313,0.03031161473087831,1.7428337428337477,-2.5225225225225176,0.07273963290278745,0.07273963290278745,0.5333333333333333,6,14,36,16.866502866502874,4.2653562653562656,28,26,1
F007,10,0.38834951456310746,0.0057323015190599074,3.7475728155339914,-0.2912621359223306,0.0625,0.0625,0.6,5,5,1,6.213592233009719,4.038834951456322,3,3,1
F007,20,-1.0873786407766988,-0.01605044425336771,3.7475728155339914,-2.271844660194174,-0.10810810810810796,-0.10810810810810796,0.5,5,5,20,10.058252427184478,6.019417475728166,8,8,1
F007,30,-0.8543689320388386,-0.012611063341931829,3.7475728155339914,-3.4757281553398034,-0.061971830985915695,-0.061971830985915695,0.5,5,5,27,13.786407766990305,7.223300970873795,14,14,1
F007,60,0.6407766990291316,0.009458297506448912,4.291262135922335,-3.4757281553398034,0.022711631108052455,0.022711631108052455,0.55,6,56,27,28.213592233009763,7.766990291262139,26,24,1
F010,10,2.116630669546439,0.039248668348752486,2.449244060475162,-0.0755939524838014,0.56,0.56,0.7,4,6,1,3.77969762419007,2.524838012958963,4,3,0
F010,20,2.4190064794816446,0.04485562097000284,3.8855291576673885,-0.0755939524838014,0.3902439024390244,0.3902439024390244,0.6,4,18,1,6.198704103671714,3.9611231101511897,11,10,1
F010,30,0.6803455723542126,0.012615643397813299,3.8855291576673885,-0.0755939524838014,0.07462686567164176,0.07462686567164176,0.5,4,18,1,9.116630669546451,3.9611231101511897,15,12,1
F010,60,2.0712742980561547,0.03840762545556487,3.8855291576673885,-2.161987041036715,0.08855850032320607,0.08855850032320607,0.48333333333333334,4,18,47,23.38876889848815,6.047516198704103,29,26,1
M09,10,1.1964856230031926,0.03287250384024574,1.8785942492012744,-0.06709265175718726,0.43673469387754815,0.43673469387754815,0.6,2,8,1,2.739616613418543,1.9456869009584616,7,5,1
M09,20,3.4217252396166127,0.09400921658986179,3.5111821086261936,-0.06709265175718726,0.5204081632653043,0.5204081632653043,0.7,4,20,1,6.575079872204495,3.5782747603833807,11,9,0
M09,30,2.135782747603833,0.058678955453149016,4.293929712460059,-0.06709265175718726,0.20384204909284884,0.20384204909284884,0.6333333333333333,5,21,1,10.477635782747633,4.361022364217247,18,16,1
M09,60,0.9169329073482404,0.025192012288786435,4.293929712460059,-0.6485623003194914,0.047619047619047436,0.047619047619047436,0.6,6,21,56,19.255591054313122,4.94249201277955,33,31,1
M10,10,1.6220422084843324,0.08361538461538463,2.3771050948625034,-0.21338733745470026,0.4894191805493023,0.4894191805493023,0.6,3,3,1,3.3142187166915376,2.5904924323172036,4,3,1
M10,20,2.0398635685354947,0.10515384615384618,2.729268812619912,-0.21338733745470026,0.34845781289829236,0.34845781289829236,0.6,5,12,1,5.853975698145384,2.9426561500746127,9,6,1
M10,30,1.342997228735879,0.06923076923076929,2.729268812619912,-0.21338733745470026,0.17234775947912678,0.17234775947912678,0.5333333333333333,5,12,1,7.792368364954177,2.9426561500746127,17,14,1
M10,60,2.868045192922621,0.14784615384615396,6.082285227030487,-0.21338733745470026,0.15239454487789414,0.15239454487789414,0.55,5,41,1,18.81986783201877,6.295672564485187,33,30,1
M11,10,2.5466331525334036,0.18042251673008786,4.359835957137189,-0.022225162058472955,0.4317111459968601,0.4317111459968601,0.5,3,5,1,5.8989284296864675,4.382061119195662,5,5,1
M11,20,2.3780923402566474,0.16848182653195112,4.359835957137189,-0.022225162058472955,0.2516660133281066,0.2516660133281066,0.5,3,5,1,9.449398068527582,4.382061119195662,12,12,1
M11,30,2.7614763857653135,0.19564361632331717,4.359835957137189,-0.022225162058472955,0.22184198779943465,0.22184198779943465,0.4666666666666667,3,5,1,12.44794284958328,4.382061119195662,17,17,1
M11,60,2.016933456806456,0.14289463325022964,4.359835957137189,-0.022225162058472955,0.11442681517284861,0.11442681517284861,0.48333333333333334,7,5,1,17.626405609207566,4.382061119195662,30,30,1
M12,10,2.794793779580797,0.10381504922644152,3.116632860040569,-0.6862745098039255,0.5961635537607264,0.5961635537607264,0.6,3,10,1,4.68796484110886,3.8029073698444944,2,2,0
M12,20,3.386409736308317,0.12579113924050625,4.2028397565922955,-0.6862745098039255,0.2710740670581549,0.2710740670581549,0.55,4,14,1,12.492562542258288,4.889114266396221,6,6,1
M12,30,3.3580121703853965,0.12473628691983116,4.41108857336038,-0.6862745098039255,0.21094098409394973,0.21094098409394973,0.5666666666666667,5,22,1,15.919202163624076,5.097363083164305,13,13,1
M12,60,5.504394861392836,0.20446554149085788,6.668695064232594,-0.6862745098039255,0.21617100371747203,0.21617100371747203,0.5833333333333334,5,57,1,25.463150777552425,7.354969574036519,30,30,1
M13,10,2.574668141592919,0.11223628691983123,3.252212389380528,-0.49170353982301035,0.7348066298342558,0.7348066298342558,0.6,3,10,1,3.50387168141592,3.7439159292035384,4,4,0
M13,20,14.131637168141586,0.6160337552742615,22.626106194690255,-0.49170353982301035,0.47963206307490164,0.47963206307490164,0.5,3,17,1,29.463495575221213,23.117809734513266,7,7,1
M13,30,13.396017699115037,0.5839662447257383,22.626106194690255,-0.49170353982301035,0.3074462413364137,0.3074462413364137,0.5666666666666667,5,17,1,43.57190265486724,23.117809734513266,12,12,1
M13,60,5.919800884955746,0.2580590717299577,22.626106194690255,-0.49170353982301035,0.08911814419770356,0.08911814419770356,0.5,5,17,1,66.42643805309729,23.117809734513266,28,28,1
M14,10,4.5525949953660785,0.2475526942411147,6.117701575532898,-0.6974050046339226,0.6529425447778556,0.6529425447778556,0.6,5,7,1,6.972428174235398,6.8151065801668205,3,3,1
M14,20,3.1723818350324353,0.1725019843019666,6.117701575532898,-0.6974050046339226,0.2697931034482758,0.2697931034482758,0.55,5,7,1,11.758572752548652,6.8151065801668205,8,8,1
M14,30,5.133225208526412,0.27912514331069754,6.117701575532898,-0.6974050046339226,0.3394101876675603,0.3394101876675603,0.5666666666666667,5,7,1,15.123957367933267,6.8151065801668205,14,14,1
M14,60,6.463160333642259,0.3514419260957755,7.908248378127895,-0.6974050046339226,0.29364085181637306,0.29364085181637306,0.5166666666666667,5,49,1,22.010426320667282,8.605653382761817,29,29,1
M15,10,1.871262750615548,0.07306287252451459,4.899753781217024,-0.07879001055223579,0.25537634408602206,0.25537634408602206,0.6,5,8,1,7.32747098135771,4.97854379176926,3,3,1
M15,20,3.4224410833626444,0.13362814843299367,6.199788955328876,-0.07879001055223579,0.2101602661022074,0.2101602661022074,0.55,5,16,1,16.284910306014773,6.278578965881112,9,9,1
M15,30,5.534998241294403,0.21611228609882704,6.199788955328876,-0.07879001055223579,0.28227021597187346,0.28227021597187346,0.5666666666666667,5,16,1,19.608863876187108,6.278578965881112,14,14,1
M15,60,4.870207527259934,0.19015573928090748,7.293000351741116,-0.07879001055223579,0.16491579122894787,0.16491579122894787,0.5333333333333333,5,37,1,29.531480830109015,7.3717903622933525,32,32,1
F040,10,0.30369487485101293,0.011149228130360202,1.2314660309892742,-1.6252681764004753,0.08132260947274365,0.08132260947274365,0.6,3,10,9,3.7344457687723396,2.8567342073897493,6,5,0
F040,20,-0.15017878426698275,-0.00551335456995828,1.5051251489868898,-1.6252681764004753,-0.017681728880156986,-0.017681728880156986,0.5,3,13,9,8.493444576877224,3.130393325387365,12,11,1
F040,30,1.1713945172824796,0.0430041656456751,2.406197854588797,-1.6252681764004753,0.10077519379844975,0.10077519379844975,0.5666666666666667,6,27,9,11.623837902264588,4.0314660309892725,15,14,1
F040,60,2.1592371871275353,0.07926978681695673,3.5642431466030984,-1.6252681764004753,0.09801545220421172,0.09801545220421172,0.5333333333333333,6,49,9,22.029558998808078,5.189511323003574,31,30,1
F028,10,-0.845482425100258,-0.03235182610893461,0.3963198867657469,-2.430761972163246,-0.2644628099173558,-0.2644628099173558,0.5,3,9,8,3.1969804199103447,2.8270818589289926,6,5,1
F028,20,-0.5218211842415675,-0.01996714267660816,0.6671384760556733,-2.430761972163246,-0.06496710526315815,-0.06496710526315815,0.5,3,12,8,8.032083038452452,3.097900448218919,11,10,1
F028,30,0.4458598726114635,0.01706053329963346,1.558858221278604,-2.430761972163246,0.04132231404958669,0.04132231404958669,0.5666666666666667,6,26,8,10.789808917197439,3.9896201934418496,15,14,1
F028,60,1.2814343005425826,0.04903323644635417,2.7048832271762198,-2.430761972163246,0.0609871109713928,0.0609871109713928,0.5166666666666667,6,48,8,21.011559330030643,5.135645199339465,30,29,1
F006,10,-0.06314206965672849,-0.0022793465873116674,0.6524680531195174,-2.637935354547735,-0.01371951219512218,-0.01371951219512218,0.5,3,10,6,4.602355299423689,3.290403407667252,6,5,0
F006,20,-0.30167877724881176,-0.010890211472711223,0.6524680531195174,-2.637935354547735,-0.03815439219165955,-0.03815439219165955,0.55,4,10,6,7.906790278125775,3.290403407667252,9,8,1
F006,30,0.3928839889751939,0.014182600987716839,1.599599097970433,-2.637935354547735,0.0372093023255814,0.0372093023255814,0.5666666666666667,6,24,6,10.558757203708332,4.237534452518168,15,14,1
F006,60,0.8699574041593565,0.03140433075851581,2.8168378852417923,-2.637935354547735,0.03987138263665588,0.03987138263665588,0.5,6,46,6,21.81909295915809,5.454773239789527,28,27,1
F005,10,-0.011188066062865052,-0.0003725782414306594,1.2717101758124683,-2.2264251465103895,-0.0024489795918364726,-0.0024489795918364726,0.4,3,8,4,4.568460309003718,3.4981353223228577,4,4,1
F005,20,1.420884389984019,0.047317436661698985,1.51411827384124,-2.2264251465103895,0.16289012398460906,0.16289012398460906,0.6,6,20,4,8.722962173681404,3.7405434203516297,7,7,0
F005,30,1.7490676611614309,0.0582463984103329,2.2786361214704347,-2.2264251465103895,0.15711892797319968,0.15711892797319968,0.6,6,22,4,11.13212573255194,4.505061267980824,13,13,1
F005,60,1.3537559936068202,0.04508196721311475,3.572722429408633,-2.2264251465103895,0.0593622240392478,0.0593622240392478,0.5,6,44,4,22.805007991475755,5.799147575919022,28,28,1
F029,10,-0.40338983050847316,-0.016850452236401865,1.0677966101694931,-1.0322033898305072,-0.09537166900420722,-0.09537166900420722,0.4,2,3,6,4.229661016949153,2.1000000000000005,5,4,1
F029,20,0.7711864406779672,0.03221409986370961,1.8686440677966127,-1.0322033898305072,0.10998307952622687,0.10998307952622687,0.55,6,17,6,7.011864406779663,2.90084745762712,8,7,1
F029,30,2.1563559322033905,0.0900755792342956,2.405508474576274,-1.0322033898305072,0.22293774915670048,0.22293774915670048,0.6333333333333333,6,30,6,9.672457627118645,3.4377118644067814,13,12,0
F029,60,0.157203389830511,0.006566720356833208,2.897881355932205,-1.0322033898305072,0.008701362666229001,0.008701362666229001,0.4666666666666667,6,39,6,18.066525423728816,3.9300847457627124,27,26,1
F004,10,-0.8019303399076794,-0.035284994183792155,0.07637431808644705,-2.0033571128829193,-0.2497712717291855,-0.2497712717291855,0.5,3,1,4,3.210658833403276,2.079731430969366,3,3,1
F004,20,-0.14393621485522173,-0.006333204084270265,0.8694922366764606,-2.0033571128829193,-0.026133333333332825,-0.026133333333332825,0.55,6,15,4,5.507763323541756,2.8728493495593797,8,8,1
F004,30,1.0604280318925734,0.04665891172289003,1.4011749895090249,-2.0033571128829193,0.12635631781589093,0.12635631781589093,0.6333333333333333,6,28,4,8.392362568191354,3.404532102391944,13,13,0
F004,60,-1.8887956357532503,-0.0831071474731807,1.8887956357532536,-2.0033571128829193,-0.10855985142664176,-0.10855985142664176,0.45,6,37,4,17.398657154846834,3.892152748636173,26,26,1
F034,10,1.6,0.05826906598114821,2.4470588235294124,-0.5109243697478992,0.6102564102564085,0.6102564102564085,0.7,6,9,1,2.621848739495806,2.9579831932773115,3,2,1
F034,20,1.9260504201680653,0.07014322438486952,2.7731092436974776,-0.5109243697478992,0.33925399644760146,0.33925399644760146,0.7,6,18,1,5.6773109243697535,3.2840336134453767,9,8,1
F034,30,2.9983193277310924,0.10919329171257186,3.3848739495798346,-0.5109243697478992,0.251551043429216,0.251551043429216,0.6666666666666666,6,29,1,11.919327731092437,3.8957983193277337,17,16,1
F034,60,1.8722689075630254,0.06818460031827638,3.6134453781512605,-0.8336134453781533,0.0899983842300856,0.0899983842300856,0.5,6,31,55,20.803361344537823,4.447058823529414,26,25,1
F023,10,-0.8206559665038401,-0.022137303992620948,0.8597348220516375,-2.4180041870202373,-0.11200000000000022,-0.11200000000000022,0.6,4,2,6,7.327285415212843,3.2777390090718748,5,4,1
F023,20,0.2930914166085139,0.007906179997364614,0.8597348220516375,-2.4180041870202373,0.029761904761904788,0.029761904761904788,0.7,7,2,6,9.847871598046058,3.2777390090718748,7,6,1
F023,30,2.4180041870202373,0.06522598497825799,4.044661549197488,-2.4180041870202373,0.15719275960622411,0.15719275960622411,0.7,7,30,6,15.382414515003495,6.462665736217725,12,11,1
F023,60,-0.42009769713887213,-0.011332191329556004,4.044661549197488,-2.4180041870202373,-0.01626323751891083,-0.01626323751891083,0.55,7,30,6,25.831123517097016,6.462665736217725,24,23,1
F024,10,-1.9979064898813657,-0.052869700103412534,0.11235170969993417,-3.1360781577110934,-0.2948810382119677,-0.2948810382119677,0.6,5,1,4,6.775296580600146,3.2484298674110277,4,3,1
F024,20,-0.22958827634333218,-0.006075491209927516,0.49825540823447817,-3.1360781577110934,-0.024517475221700193,-0.024517475221700193,0.7,7,19,4,9.364270760642015,3.6343335659455716,7,6,1
F024,30,0.18562456385205997,0.004912099276111719,3.3265875785066337,-3.1360781577110934,0.011735639283508414,0.011735639283508414,0.6666666666666666,7,28,4,15.817166782972796,6.462665736217727,10,9,1
F024,60,-1.5924633635729228,-0.042140641158221255,3.3265875785066337,-3.1360781577110934,-0.06123215627347849,-0.06123215627347849,0.55,7,28,4,26.006978367062132,6.462665736217727,24,23,1
F032,10,-1.1340206185566997,-0.036222339304531045,0.22268041237113237,-2.0536082474226784,-0.3751705320600267,-0.3751705320600267,0.6,5,1,2,3.0226804123711353,2.276288659793811,3,3,1
F032,20,1.4144329896907215,0.045179135932560587,1.4515463917525777,-2.0536082474226784,0.23935799023028612,0.23935799023028612,0.75,7,20,2,5.909278350515463,3.5051546391752564,5,5,0
F032,30,-0.5113402061855656,-0.0163329820864067,3.402061855670104,-2.0536082474226784,-0.0440653873489693,-0.0440653873489693,0.6333333333333333,7,26,2,11.60412371134021,5.455670103092782,8,8,1
F032,60,-0.49072164948453695,-0.01567439409905166,3.402061855670104,-2.0536082474226784,-0.024642783184924456,-0.024642783184924456,0.55,7,26,2,19.913402061855674,5.455670103092782,23,23,1
F045,10,0.9591249280368419,0.03270578535110613,1.0880829015544047,-0.43120322394933946,0.45247148288973366,0.45247148288973366,0.8,4,10,1,2.11974668969487,1.519286125503744,2,2,0
F045,20,2.986183074265972,0.1018276762402088,3.3448474381116835,-0.43120322394933946,0.6528634361233473,0.6528634361233473,0.8,7,18,1,4.573978123200921,3.776050662061023,5,5,0
F045,30,1.3339090385722512,0.04548577710595028,4.594127806563037,-0.43120322394933946,0.12571211545765296,0.12571211545765296,0.6666666666666666,7,23,1,10.610823258491646,5.025331030512376,10,10,1
F045,60,1.1404720782959117,0.03888965232925655,4.594127806563037,-0.43120322394933946,0.06074264863704653,0.06074264863704653,0.5666666666666667,7,23,1,18.775474956822105,5.025331030512376,24,24,1
F014,10,-1.084730403262348,-0.02237048665620095,0.6787494336203022,-2.074309016764837,-0.2352132049518574,-0.2352132049518574,0.3,1,2,10,4.6116900770276334,2.753058450385139,4,3,1
F014,20,-4.002718622564565,-0.08254840397697533,0.6787494336203022,-5.214318078840053,-0.37271116361488443,-0.37271116361488443,0.3,2,2,17,10.739465337562308,5.893067512460355,9,8,1
F014,30,-5.804259175351153,-0.11970172684458388,0.6787494336203022,-7.003171726325329,-0.33212341197822126,-0.33212341197822126,0.3333333333333333,2,2,24,17.476212052560037,7.68192115994563,15,14,1
F014,60,-7.961033076574536,-0.16418105703819982,0.6787494336203022,-9.267784322609883,-0.2509498100379925,-0.2509498100379925,0.4166666666666667,3,2,58,31.723606705935648,9.946533756230185,30,29,1
F013,10,-1.6336858006042307,-0.04360711261642681,0.3330815709969772,-2.886706948640481,-0.28426862925483043,-0.28426862925483043,0.4,2,2,5,5.746978851963738,3.2197885196374583,6,5,1
F013,20,-1.8821752265861,-0.0502399096810612,0.3330815709969772,-2.9025679758308174,-0.20181405895691615,-0.20181405895691615,0.45,3,2,12,9.326283987915392,3.2356495468277946,12,11,1
F013,30,-0.8459214501510577,-0.022579734688117435,0.3330815709969772,-2.9025679758308174,-0.0709849157054128,-0.0709849157054128,0.4666666666666667,3,2,12,11.916918429002994,3.2356495468277946,18,17,1
F013,60,-1.75,-0.046711826136042925,0.3330815709969772,-4.77416918429003,-0.07470097043556771,-0.07470097043556771,0.48333333333333334,4,2,39,23.42673716012081,5.107250755287008,29,28,1
F022,10,-2.313085734120095,-0.06695737797158528,0.05831308573411904,-2.779590419993058,-0.44821092278719393,-0.44821092278719393,0.3,2,1,10,5.160708087469624,2.837903505727177,4,4,1
F022,20,-0.8503991669559157,-0.024616683077788665,0.05831308573411904,-2.779590419993058,-0.09727626459143955,-0.09727626459143955,0.5,3,1,10,8.742103436306826,2.837903505727177,11,11,1
F022,30,-1.8320027768136034,-0.053031368687579065,0.05831308573411904,-2.779590419993058,-0.16542343132953055,-0.16542343132953055,0.43333333333333335,3,1,10,11.07462686567162,2.837903505727177,16,16,1
F022,60,-1.4529677195418214,-0.04205936137290748,0.05831308573411904,-4.499826449149599,-0.06859371415462251,-0.06859371415462251,0.48333333333333334,4,1,37,21.182228392919097,4.558139534883718,29,29,1
F021,10,0.8966849050531072,0.02992031273492712,1.3427743804312815,-0.513678789829421,0.2671140939597319,0.2671140939597319,0.5,3,4,7,3.356935951078211,1.8564531702607023,3,2,1
F021,20,1.2571612487930446,0.0419485791610283,1.8744769874476974,-0.513678789829421,0.21478060046189354,0.21478060046189354,0.5,3,17,7,5.8532346314773,2.3881557772771185,11,10,0
F021,30,0.4956549726424208,0.016538866335889354,1.8744769874476974,-0.513678789829421,0.05681818181818197,0.05681818181818197,0.4666666666666667,3,17,7,8.723527518506582,2.3881557772771185,15,14,1
F021,60,1.3878339233987742,0.046308825740490056,2.271000965561635,-2.108786610878664,0.07386091127098314,0.07386091127098314,0.5,4,59,34,18.789829417444462,4.379787576440299,28,27,0
F037,10,0.9395624768261036,0.026830714497479997,1.666295884315908,-0.5865776789024831,0.28684627575277377,0.28684627575277377,0.6,2,9,5,3.2754912866147543,2.252873563218391,7,7,0
F037,20,-0.49314052651093576,-0.014082419211384456,1.666295884315908,-0.6800148312940306,-0.08016877637130781,-0.08016877637130781,0.45,2,9,20,6.1512791991101095,2.3463107156099383,11,11,1
F037,30,-0.4360400444938803,-0.012451823302697842,1.666295884315908,-2.92250648869114,-0.03636363636363626,-0.03636363636363626,0.5333333333333333,4,9,26,11.991101223581742,4.588802373007048,14,14,1
F037,60,2.6318131256952157,0.07515564779128368,2.9432703003337033,-2.92250648869114,0.12137898012927945,0.12137898012927945,0.55,4,60,26,21.682610307749332,5.865776789024843,30,30,0
F015,10,-1.1907398087569134,-0.024386724386724266,0.6552591847005593,-2.2194262707599366,-0.26530612244897883,-0.26530612244897883,0.4,2,3,8,4.488173125314533,2.874685455460496,3,3,1
F015,20,-2.6774031202818254,-0.05483405483405473,0.6552591847005593,-5.263210870659282,-0.2154195011337867,-0.2154195011337867,0.45,4,3,14,12.428787116255641,5.918470055359841,6,6,1
F015,30,-1.6557624559637614,-0.03391053391053386,0.6552591847005593,-5.263210870659282,-0.11017346460384433,-0.11017346460384433,0.5,4,3,14,15.028686462002993,5.918470055359841,11,11,1
F015,60,-3.8892803220936005,-0.07965367965367953,2.6985405133366873,-5.368897835933561,-0.12174680194089098,-0.12174680194089098,0.4666666666666667,4,48,57,31.945646703573182,8.067438349270247,24,24,1
