event_id,event_time,event_idx,direction,rule_version,causal_available,pre_net_return_atr_t,price_minus_ema27_atr_t,distance_change_to_ema27_last3_t,number_of_ema200_crosses_last50_t,pre_net_return_atr,price_minus_ema27_atr,ema27_slope_5,ema27_slope_10,ema27_slope_change,fraction_last10_above_ema27,number_of_ema27_crosses_last20,distance_change_to_ema27_last10,price_minus_ema200_atr,ema200_slope_10,ema200_slope_30,fraction_last30_above_ema200,number_of_ema200_crosses_last50,distance_change_to_ema200_last20,ema27_minus_ema200_atr,ema27_above_ema200,ema27_ema200_distance_change_last20,price_between_ema27_ema200,ema27_turning_against_previous_state
CG0001,2023-08-13 16:00:00,262,LONG,EXP-005H-v1,True,-2.2442748091603204,-0.38148320255350504,1.5285588670371573,0.0,-4.741935483870939,-1.7324070679175487,-0.7120346286162745,-1.1879853602599548,-0.2360838969725942,0.0,1.0,-0.2797565752239085,-5.12131802707982,-0.4574945905193119,-0.891176630408265,0.0,0.0,-2.8661557813290384,-3.3889109591622706,0.0,-0.7010882382140944,0.0,0.0
CG0002,2023-08-17 04:00:00,283,LONG,EXP-005H-v1,True,-3.4069930069930088,-1.4317945462699826,0.7860929277488372,0.0,-3.436185133239841,-1.6051638157473804,-0.8133327242405068,-1.403716596421961,-0.22294885205905265,0.0,0.0,-0.9525246377996444,-4.019011002314445,-0.37507729455017624,-0.7142899564524116,0.0,0.0,-2.702526892202701,-2.4138471865670654,0.0,-1.2375434398059777,0.0,0.0
CG0003,2023-08-19 04:00:00,295,LONG,EXP-005H-v1,True,-3.301886792452833,-1.1383270910222851,0.28405540352007824,0.0,-3.216064257028107,-1.2493080898268587,-0.48634768057134314,-1.169655209517917,0.1969598483752307,0.0,0.0,-0.3709070394780655,-3.536234671224539,-0.34979899395258707,-0.6928434830370838,0.0,0.0,-1.580126279751292,-2.28692658139768,0.0,-1.411611006190183,0.0,0.0
CG0004,2023-09-02 12:00:00,381,LONG,EXP-005H-v1,True,-2.1960784313725563,-0.7640576314422608,0.16571947744961024,0.0,-2.7897623400365656,-1.2533973614607519,-0.5109630510632175,-1.112588057685492,0.09066195555905696,0.0,5.0,1.1381822075940815,-5.366037447200676,-0.5371868942005956,-1.2417944594181425,0.0,0.0,-2.2678081949198883,-4.112640085739924,0.0,-0.5343971158474825,0.0,0.0
CG0005,2023-09-04 20:00:00,395,LONG,EXP-005H-v1,True,-3.202127659574493,-0.36195238691917986,0.4056153353732442,0.0,-3.594594594594627,-0.47179155192153105,-0.146215056683409,-0.5596657994813661,0.26723568611454807,0.1,2.0,0.711017150832702,-6.494812308404231,-0.6897694895313573,-2.1388287475545726,0.0,0.0,0.5927231809867342,-6.023020756482699,0.0,-0.394003362540522,0.0,0.0
CG0006,2023-09-12 00:00:00,438,LONG,EXP-005H-v1,True,-2.0265878877400314,-0.495536113021066,1.2603802000968354,0.0,-3.587354409317799,-1.7425689593259466,-0.7609392006315148,-1.1996235717019965,-0.32225482956103285,0.0,0.0,-0.5008755963512493,-5.5579560093859754,-0.501129670060787,-1.1928822410150106,0.0,0.0,-1.9343409606139137,-3.815387050060029,0.0,-0.7408437654776248,0.0,0.0
CG0007,2023-09-16 12:00:00,465,SHORT,EXP-005H-v1,True,3.4124999999999956,0.02284679912864864,-0.5602001361508314,0.0,2.5562632696390644,0.47093426263997257,0.10269758564893607,0.2787909019472153,-0.07339573064934314,0.7,7.0,-0.5463068255140977,-3.1919007575161538,-0.35724951543910904,-1.4220779433245554,0.0,0.0,2.890005266894797,-3.662835020156126,0.0,1.1719133249866573,1.0,0.0
CG0008,2023-09-23 04:00:00,505,LONG,EXP-005H-v1,True,-3.2872928176795466,-1.073081377773161,0.958956004720617,0.0,-1.3424657534246587,-1.414620953120004,-0.6612753551431538,-1.2881776414160335,-0.03437306887027404,0.0,1.0,-0.015931947625067687,-5.092490257262317,-0.5025580095381982,-1.0505006512215285,0.0,0.0,-3.5400627314293,-3.6778693041423125,0.0,-0.5059774917672067,0.0,0.0
CG0009,2023-09-25 04:00:00,517,LONG,EXP-005H-v1,True,-3.379310344827593,-0.5725869269855245,0.5601374496862634,0.0,-3.956521739130436,-1.0021914037069501,-0.40709119364965884,-0.7267174170118843,-0.08746497028743344,0.0,0.0,-0.4471956264663807,-5.405511000227274,-0.5256801237712273,-1.477340593787878,0.0,0.0,-0.24874824245221216,-4.403319596520324,0.0,-0.9885097368305148,0.0,0.0
CG0010,2023-10-02 16:00:00,562,SHORT,EXP-005H-v1,True,4.064516129032255,1.1825566405558796,-1.476835325006569,3.0,5.1074074074074165,1.9594532846187886,1.0528967592233707,1.8091739230883779,0.29661959535836363,1.0,0.0,0.8352705213560794,2.4048763383673792,0.20378574216563314,-0.03939507852940491,0.36666666666666664,3.0,2.9432420547375355,0.4454230537485906,1.0,2.3368408833819747,0.0,0.0
CG0011,2023-10-10 04:00:00,607,LONG,EXP-005H-v1,True,-3.154430379746844,-1.3255536601266809,0.34534059860136546,7.0,-2.2142857142857078,-1.7241585048077819,-0.7975697205437375,-1.1008141400152942,-0.49432530107218076,0.0,1.0,-0.39918585998469874,-1.619703009037199,-0.0792309625513378,0.2551931556819819,0.7333333333333333,7.0,-5.026869605004808,0.10445549577058262,1.0,-1.4214095927497976,0.0,0.0
CG0012,2023-10-12 20:00:00,623,LONG,EXP-005H-v1,True,-4.354066985645927,-1.1171697448664395,0.5149762654650037,5.0,-5.1153846153846185,-2.0502361958133117,-0.6759314986411721,-1.361176980226943,0.009313982944598682,0.0,0.0,0.6544462109961678,-3.800922018571331,-0.3082743652463516,-0.5111423055135903,0.2,6.0,-2.0094542514872598,-1.750685822758019,0.0,-2.353230252856534,0.0,0.0
CG0013,2023-10-14 20:00:00,635,LONG,EXP-005H-v1,True,-2.1212121212121247,-0.2379696729308626,0.3786159502699035,5.0,-2.019672131147537,-0.29545470366874477,-0.23580260274561402,-0.6475664657935993,0.17596126030237133,0.0,0.0,1.3819926953017925,-3.132497270837561,-0.3624813186955513,-1.1036712591921187,0.0,5.0,0.5538002988261351,-2.8370425671688166,0.0,-1.5278274988154839,0.0,0.0
CG0014,2023-10-22 08:00:00,680,SHORT,EXP-005H-v1,True,2.6693711967545593,1.3064634544228508,-0.870208689719512,1.0,1.773879142300179,1.515851066490709,0.8713424068160911,1.3468816145880984,0.39580319904408373,1.0,1.0,0.5361593210844032,1.4251416553638039,0.10391949242507412,-0.24081364308375,0.23333333333333334,1.0,4.019197824648485,-0.09070941112690492,0.0,1.3166800371649194,0.0,0.0
CG0015,2023-10-25 04:00:00,697,SHORT,EXP-005H-v1,True,3.4235807860262057,1.160536849078282,-0.34602947513996324,1.0,4.014247551202141,1.5485585102215789,0.6967564208630391,1.468576038009131,-0.07506319628305283,1.0,0.0,0.4512814864788522,3.1240405034010745,0.2992611131722849,0.42086838228162093,0.8,1.0,2.0508573181816656,1.5754819931794957,1.0,1.7931674386108563,0.0,0.0
CG0016,2023-10-27 04:00:00,709,SHORT,EXP-005H-v1,True,3.1698113207547154,0.41184256432909666,-0.46292738625110924,1.0,3.4968553459119556,0.8460384848556238,0.43833337258962307,1.1421909464452453,-0.2655242012659992,1.0,0.0,-0.43778843072197565,3.3383515011589173,0.37129564549804356,0.8219767867745923,1.0,1.0,1.2775869928918997,2.4923130163032936,1.0,1.9301316465709413,0.0,0.0
CG0017,2023-10-30 00:00:00,726,SHORT,EXP-005H-v1,True,4.003642987249534,1.195087566328472,-1.1576378630498378,0.0,3.53442622950818,1.5943812149811558,0.6917446790767078,1.2648158030600105,0.11867355509340526,1.0,0.0,-0.7598977702731312,7.304665711893541,0.7134863000926063,2.0388699545468327,1.0,0.0,0.8879806110026172,5.710284496912386,1.0,1.3796858235045377,0.0,0.0
CG0018,2023-11-03 08:00:00,752,SHORT,EXP-005H-v1,True,2.027777777777774,1.2999702349278686,-0.7798852037230798,0.0,2.6409736308316396,1.866633896757325,0.6200308634960628,1.072685310907773,0.16737641608435264,1.0,2.0,2.193034770228125,4.791671052056147,0.39857124283425155,0.9582459562806473,1.0,0.0,1.254500487903658,2.925037155298822,1.0,0.3958560423591979,0.0,0.0
CG0019,2023-11-07 08:00:00,776,SHORT,EXP-005H-v1,True,4.344497607655504,0.6752006207177127,-1.9900276378670272,0.0,4.242725337118528,1.5399606438576365,0.9211043084782284,1.7102252364367128,0.13198338051974412,1.0,0.0,-0.5775069965502713,6.617195836337444,0.6872210905616108,1.6830469449074013,1.0,0.0,1.177683702009887,5.077235192479808,1.0,1.6994028479247936,0.0,0.0
CG0020,2023-11-09 16:00:00,790,SHORT,EXP-005H-v1,True,3.0535714285714244,0.7790807169699462,-0.7778691764924908,0.0,5.866043613707166,2.7473268571126486,0.8107550912296638,1.3426937549272469,0.2788164275320807,1.0,0.0,1.546714344761229,8.912616401494349,0.7612076622598207,2.1404439918872495,1.0,0.0,2.0569724204536532,6.165289544381699,1.0,1.323123112452992,0.0,0.0
CG0021,2023-11-12 00:00:00,804,SHORT,EXP-005H-v1,True,2.2278191184888367,0.8473844419044647,-0.8562027261361247,0.0,1.9419128693039562,1.0436935665074316,0.4693930072228978,0.8850329864354783,0.05375302801031733,1.0,0.0,-0.26109708257969716,5.461773123262715,0.5429208586727348,1.498189642762939,1.0,0.0,0.9880600757207477,4.418079556755282,1.0,0.7352482588917352,0.0,0.0
CG0022,2023-11-26 08:00:00,890,SHORT,EXP-005H-v1,True,2.5767878077373996,0.7165226016488082,-0.6857325945515239,0.0,2.4919093851132654,1.2688335332246345,0.4745526300159009,0.8377151541431681,0.11139010588863368,1.0,0.0,-0.3846407204862093,7.103765593075722,0.6868017777652321,1.8747481182620986,1.0,0.0,0.8899619836573597,5.834932059851087,1.0,0.41402083076924734,0.0,0.0
CG0023,2023-11-30 20:00:00,917,LONG,EXP-005H-v1,True,-2.6767295597484355,-0.8257119007031759,0.1158648046073672,0.0,-3.1810650887573946,-1.0022916208308073,-0.3194153605024438,-0.3047017429219664,-0.3341289780829212,0.3,4.0,-1.3023988487940164,3.172571873242401,0.4211320234534024,1.5196558145495553,1.0,0.0,-1.7367420391919186,4.174863494073208,1.0,-1.681286284551397,1.0,1.0
CG0024,2023-12-05 04:00:00,943,SHORT,EXP-005H-v1,True,2.5142405063291124,0.5106052997318294,-0.4693031453553619,0.0,3.2685714285714274,1.2531033836140932,0.4565393126323738,0.8603526256225299,0.052725999642217664,1.0,0.0,0.41964737437747385,4.691721069230543,0.43454343353485836,1.0638749419823414,1.0,0.0,1.5576244295773376,3.4386176856164505,1.0,0.7397818038191055,0.0,0.0
CG0025,2023-12-07 08:00:00,956,SHORT,EXP-005H-v1,True,3.611390284757116,1.2364755618011634,-1.0195108117736058,0.0,4.69114219114219,2.295382294988454,1.023193697299901,1.8547576296925556,0.19162976490724637,1.0,0.0,1.661559386624458,6.062056126188895,0.5605170003457315,1.1569247983321962,1.0,0.0,3.3267765511418355,3.7666738312004404,1.0,1.6081077199979388,0.0,0.0
CG0026,2023-12-11 00:00:00,978,SHORT,EXP-005H-v1,True,3.6529126213592256,0.4895641653175192,-1.3065854790431535,0.0,5.369255150554673,1.7343423706765362,0.770136237563853,1.9483138634249275,-0.40804138829722175,1.0,0.0,-2.8896767794312685,5.939258406532308,0.6315420126702472,1.3004494490143879,1.0,0.0,3.7183274186259476,4.204916035855772,1.0,2.6908782286055857,0.0,0.0
CG0027,2023-12-13 00:00:00,990,SHORT,EXP-005H-v1,True,2.611748508490135,-0.0034875660334506412,-0.9532390689014564,0.0,3.8422185034664134,0.7357475610284686,0.40044186641046786,0.4723612472992423,0.32852248552169344,0.9,2.0,0.30411496594484155,5.128556336502152,0.4982787087354964,1.681633427951403,1.0,0.0,-2.2593116230242565,4.392808775473683,1.0,0.8529546999364336,0.0,0.0
CG0028,2023-12-16 04:00:00,1009,SHORT,EXP-005H-v1,True,2.4649926144756313,0.09376219933771163,-0.14516984278719597,0.0,2.2580645161290316,0.23295102078654273,0.13643977099438234,0.653976545120995,-0.3810970031322303,0.9,4.0,-2.221558523260159,5.817126831618564,0.6578462757785728,1.9042704103096066,1.0,0.0,0.24944976021343818,5.584175810832021,1.0,0.6910849763062763,0.0,0.0
CG0029,2023-12-18 16:00:00,1024,LONG,EXP-005H-v1,True,-4.719337848006014,-0.8480134206330178,0.8284473630001611,0.0,-4.201082753286926,-1.5450138440298542,-0.6352368566530677,-0.8355981807905324,-0.4348755325156031,0.1,5.0,-1.400287356719133,4.782028618414828,0.6016515565251154,2.5573679998282315,1.0,0.0,-4.870134774864372,6.327042462444682,1.0,-2.015149987303874,1.0,0.0
CG0030,2024-01-01 12:00:00,1107,LONG,EXP-005H-v1,True,-2.9345794392523317,-0.03336740975223743,1.0889358944243694,0.0,-1.5970647098065354,-0.29741783329008714,-0.3378092318957062,-0.632724077059128,-0.042894386732284455,0.0,2.0,0.2217834499744093,4.7914052607328035,0.4771687471195807,1.98265295967274,1.0,0.0,-2.0630615570369715,5.0888230940228905,1.0,-2.3298810962298497,1.0,0.0
CG0031,2024-01-04 08:00:00,1124,LONG,EXP-005H-v1,True,-2.2291096931023993,-1.4567984402618441,0.3955568048022165,3.0,-1.8621317947160612,-1.6444329775660258,-0.6948527322729542,-0.7778057919794585,-0.6118996725664498,0.1,2.0,-1.6965337160679097,-0.15043303143981165,0.10107828466393295,0.5925512755856845,0.9,3.0,-1.976114578190481,1.4939999461262141,1.0,-0.9580205689533531,0.0,0.0
CG0032,2024-01-07 04:00:00,1141,LONG,EXP-005H-v1,True,-6.375796178343941,-1.465268528572878,0.7118183625189723,5.0,-6.713450292397658,-1.9066141790804008,-0.8228523697477723,-1.8020179154521312,0.1563131759565867,0.0,0.0,0.49837419075577266,-2.210289505524877,-0.1995994700101742,0.07803404449885491,0.43333333333333335,5.0,-1.8831510949116632,-0.3036753264444765,0.0,-3.093510359932492,0.0,0.0
CG0033,2024-01-11 16:00:00,1168,SHORT,EXP-005H-v1,True,2.2469592808038064,1.4991640788642993,-0.162278122732967,6.0,2.3195488721804502,1.6433888219389174,0.7130414840189906,0.5572296020026339,0.8688533660353471,0.5,3.0,2.1307403228093964,1.2869353647770196,-0.007752511520111114,-0.295950068464754,0.16666666666666666,6.0,3.6747254462784578,-0.3564534571618978,0.0,0.4352941644236343,0.0,1.0
CG0034,2024-01-14 08:00:00,1184,SHORT,EXP-005H-v1,True,2.3188544152744623,-0.38764184712927374,-0.2149183711471419,2.0,1.6176066024759304,-0.24694160675418997,-0.09785268714224851,-0.17593485957685154,-0.019770514707645504,0.1,1.0,-1.0822036090155356,-0.2562963036424981,-0.015463023190634475,-0.019832303850555677,0.4,2.0,-1.4181039186224171,-0.009354696888308148,0.0,1.5159243447124509,0.0,0.0
CG0035,2024-01-15 16:00:00,1192,LONG,EXP-005H-v1,True,-3.102439024390247,-0.857643790678062,0.000630319543692428,2.0,0.6594202898550786,-1.9241953040536361,-0.5260802585955544,-0.7930914221656142,-0.2590690950254946,0.0,1.0,-1.6619810416025016,-2.5293350947423727,-0.1288931121889251,0.16399798015050288,0.4,2.0,-5.382141527006678,-0.6051397906887368,0.0,-0.5675489170673076,0.0,0.0
CG0036,2024-01-18 12:00:00,1209,LONG,EXP-005H-v1,True,-2.601252609603347,-1.187904582614543,0.2053098060313559,2.0,-3.4059549745824245,-1.6400348803440856,-0.4492440121684526,-0.7495781896477068,-0.14890983468919836,0.0,2.0,-1.527836479923824,-3.0057638911354165,-0.20578406808223945,-0.4375807615002644,0.0,2.0,-1.740077579540154,-1.365729010791331,0.0,-0.9921005101761899,0.0,0.0
CG0037,2024-01-21 08:00:00,1226,LONG,EXP-005H-v1,True,-2.500000000000007,0.15455445287536648,0.10998120813707789,0.0,-1.9673202614379077,0.03334677105868771,-0.048569972933315796,-0.3707856460547409,0.2736457001881093,0.3,1.0,2.887125515335787,-2.2448949787841213,-0.2836801623506043,-0.780329323945663,0.0,0.0,-0.4655398728147836,-2.2782417498428087,0.0,-1.25839831158479,1.0,0.0
CG0038,2024-01-24 04:00:00,1243,LONG,EXP-005H-v1,True,-2.102389078498294,-1.3288069001210818,0.8059100304158198,0.0,-2.3074698795180737,-1.7450736359620644,-0.7422237939206491,-1.3404808586754182,-0.14396672916587974,0.0,1.0,-0.5689167316860277,-4.521490659906119,-0.4108426433927984,-0.8815928809470928,0.0,0.0,-2.459245413466805,-2.776417023944055,0.0,-1.0326282892055578,0.0,0.0
CG0039,2024-01-26 08:00:00,1256,LONG,EXP-005H-v1,True,-2.8765843895930607,0.39504410098875836,1.6732861823712977,0.0,-4.729986431478964,-1.0490347822069632,-0.4600549258812167,-0.8216894684543973,-0.09842038330803622,0.0,0.0,0.346791232362131,-5.426039599530645,-0.5342470078181996,-1.5106560025994076,0.0,0.0,0.0866706679226338,-4.377004817323682,0.0,-1.4357134026210359,0.0,0.0
CG0040,2024-01-28 12:00:00,1269,SHORT,EXP-005H-v1,True,3.4723926380368075,0.7878436805711453,-0.8317223721231807,0.0,3.562724014336914,1.4194247969012532,0.4290423343305147,0.5788055682310622,0.2792791004299672,0.9,3.0,1.0018395930592598,-3.0748416357995687,-0.4275163864712817,-1.8337006213710216,0.0,0.0,4.0847238447654854,-4.494266432700822,0.0,1.0425972333454139,1.0,0.0
CG0041,2024-01-30 20:00:00,1283,SHORT,EXP-005H-v1,True,3.8719701678060945,0.9108104961033971,-1.7483220568479776,2.0,4.970414201183436,1.6727313627282243,0.9690760801524418,1.5276059024521358,0.41054625785274795,1.0,0.0,0.9576011981395822,0.18390118912304454,-0.030978272345761226,-0.723475422502224,0.23333333333333334,1.0,3.915296897848086,-1.4888301736051799,0.0,2.321079187998292,0.0,0.0
CG0042,2024-02-07 16:00:00,1330,LONG,EXP-005H-v1,True,-2.586709886547808,-0.507454119779713,1.2782527654636728,7.0,-3.397941680960552,-1.658977264369589,-0.6012212057471766,-0.8778326840004695,-0.3246097274938837,0.1,2.0,-0.5389769214883773,-3.594801506245677,-0.2746770533851218,-0.50403025609006,0.1,7.0,-2.0843300180033735,-1.9358242418760878,0.0,-1.0864511020339542,0.0,0.0
CG0043,2024-02-10 04:00:00,1345,SHORT,EXP-005H-v1,True,2.6970849176172362,1.107910441344502,-1.0961083076223774,7.0,3.4890965732087276,1.8447139932989598,0.832066071169189,1.6550645251281886,0.009067617210189352,1.0,1.0,-0.7478994160939135,2.370201600810626,0.20618950069337239,-0.06720038672430687,0.4,7.0,3.3480209904036937,0.5254876075116662,1.0,1.6145896038610223,0.0,0.0
CG0044,2024-02-12 04:00:00,1357,SHORT,EXP-005H-v1,True,5.762483130904179,0.1425088572945712,-0.42307519553448336,1.0,5.164776517678452,0.3198426525964881,0.3297491504981784,1.1720888633541995,-0.5125905623578427,1.0,0.0,-0.66775263920477,1.901778573497666,0.2834940140736086,0.45073160529091477,0.8,1.0,0.3533315623707937,1.5819359209011778,1.0,2.236241167166207,0.0,0.0
CG0045,2024-02-16 12:00:00,1383,SHORT,EXP-005H-v1,True,2.9501689189189153,0.8790998441550822,-1.3895177452774012,0.0,3.735099337748346,1.669744488517193,0.8686596102331356,1.6256912513573611,0.11162796910891025,1.0,2.0,-0.056154827516297176,4.58196000172154,0.4511632649060199,0.8608110973420612,1.0,0.0,2.5769209593126003,2.912215513204347,1.0,1.5654365627204723,0.0,0.0
CG0046,2024-02-19 12:00:00,1401,SHORT,EXP-005H-v1,True,3.48413098236776,1.4198256683596153,-0.030863614472334416,0.0,3.930963420917054,1.8738538946504013,0.6771124981662661,1.6225463717113349,-0.2683213753788028,1.0,2.0,1.3923943804782555,6.215946722023919,0.608368859466224,1.5052345610541868,1.0,0.0,0.4618641561251961,4.342092827373517,1.0,1.3557003448215867,0.0,0.0
CG0047,2024-02-23 08:00:00,1424,LONG,EXP-005H-v1,True,-2.3020554066130505,-0.8508122920484753,0.12477175524378631,0.0,-3.1319774989182143,-0.9721283072417091,-0.28550574597495076,-0.5401387548031866,-0.030872737146714974,0.0,3.0,0.18877570850288217,1.6817227674067792,0.23032717312162515,1.118631421668105,1.0,0.0,-3.5235162310110897,2.6538510746484882,1.0,-1.1225519709698653,1.0,0.0
CG0048,2024-02-27 20:00:00,1451,SHORT,EXP-005H-v1,True,2.712190187152248,1.409632569526983,-0.03607103992346965,0.0,2.933744221879808,1.7212204282473178,0.5443217097955392,0.8017793100614224,0.2868641095296559,0.8,3.0,2.1679176596355445,4.4184628933773595,0.34504903391661934,0.7776037099783318,1.0,0.0,2.222314504538171,2.6972424651300413,1.0,0.13145483628550567,0.0,0.0
CG0049,2024-03-01 04:00:00,1465,SHORT,EXP-005H-v1,True,2.3922018348623855,0.8003027549382932,-0.6208482841810447,0.0,2.5413499193734155,1.152667413772678,0.5729496789852251,0.9373574363353164,0.2085419216351338,1.0,0.0,0.6009977813564583,3.1143398235253357,0.2865462633987419,0.5719434588566007,1.0,0.0,1.3016432959149518,1.9616724097526579,1.0,0.9485461264810884,0.0,0.0
CG0050,2024-03-03 04:00:00,1477,SHORT,EXP-005H-v1,True,3.266547406082286,0.7715053093304971,-1.423659920830335,0.0,4.703095558546431,1.9491583777977706,0.83741699767502,1.7324251667110269,-0.05759117136098685,1.0,0.0,0.3176421280399813,5.562821651303221,0.5351836559661233,1.112672253921059,1.0,0.0,3.7034799983547484,3.61366327350545,1.0,2.0224552772162427,0.0,0.0
CG0051,2024-03-05 04:00:00,1489,SHORT,EXP-005H-v1,True,2.178615121115732,0.7766965242157297,-1.0628059333834687,0.0,3.028880866425995,1.3761062744986639,0.7627228848320858,1.348820115767548,0.17662565389662396,1.0,0.0,0.1168838553515882,5.682348660679418,0.5702007351616755,1.472954184525499,1.0,0.0,1.6683642995971832,4.306242386180754,1.0,1.851805083684738,0.0,0.0
CG0052,2024-03-09 00:00:00,1512,LONG,EXP-005H-v1,True,-2.570024570024571,-0.04500969387831234,0.567768269147938,0.0,-1.5480999657651493,-0.3204712993450709,-0.08483494975716317,0.16965682500699159,-0.33932672452131796,0.6,6.0,-0.8214883895396888,4.231083199018747,0.5029364826166797,1.7324348300631314,1.0,0.0,-2.4318389970147125,4.551554498363818,1.0,-1.2328269767720983,1.0,1.0
CG0053,2024-03-10 12:00:00,1521,SHORT,EXP-005H-v1,True,5.003457216940364,-0.9461231009693761,-1.1548224037656656,0.0,-1.649280575539569,-0.27955879838833664,0.09842404961060705,0.12213788958170707,0.07471020963950703,0.7,5.0,0.18631534782836592,5.311324364671267,0.5974908419623666,1.878422803402377,1.0,0.0,-1.8713117690130607,5.590883163059604,1.0,-0.845329586340736,1.0,0.0
CG0054,2024-03-17 08:00:00,1562,LONG,EXP-005H-v1,True,-2.179865771812081,-1.0914006591236993,0.9556554990704997,2.0,-3.0275036741549437,-2.0495139334931283,-0.62429667653551,-0.7851001004824982,-0.46349325258852175,0.0,1.0,-1.3253344995594913,-0.8095008994575774,0.07115342976671032,0.5686331725427084,0.8666666666666667,1.0,-3.773915139780542,1.2400130340355509,1.0,-1.2259134258677398,0.0,0.0
CG0055,2024-03-20 08:00:00,1580,LONG,EXP-005H-v1,True,-3.626731470230858,-1.4225982422829542,1.2632409373597258,5.0,-3.065500118231256,-1.556939897373829,-0.7707668313341407,-1.4129433626113046,-0.12859030005697686,0.0,0.0,-0.2919514115669872,-1.976006877976264,-0.16713571782409747,-0.04793249825312579,0.4666666666666667,5.0,-1.4985914065138286,-0.41906698060243486,0.0,-2.105364213592131,0.0,0.0
CG0056,2024-03-22 20:00:00,1595,LONG,EXP-005H-v1,True,-2.8130139435109056,-1.0058894447720537,0.06160082255924114,5.0,-3.3851041298976354,-1.1683352488089256,-0.28086386317192025,-0.4869737122870312,-0.07475401405680934,0.0,0.0,-0.6446888362480923,-2.4747360411563104,-0.17813316933274356,-0.530043240953888,0.1,5.0,0.24630874524654967,-1.3064007923473848,0.0,-1.6696736041464386,0.0,0.0
CG0057,2024-03-24 16:00:00,1606,SHORT,EXP-005H-v1,True,3.7270163564579843,0.05037097157433373,-0.40520294421195335,5.0,1.4675661650233522,0.1879489144712004,-0.007131007952247505,-0.15861460052590953,0.14435258462141454,0.4,3.0,1.6479763026535745,-1.7446891427565112,-0.2241498839949623,-0.8859543602680168,0.0,5.0,0.8075422177987446,-1.9326380572277115,0.0,-0.41233544336246786,1.0,0.0
CG0058,2024-03-27 04:00:00,1621,SHORT,EXP-005H-v1,True,2.0408163265306167,-0.15910162544201406,-0.7422174251215594,6.0,1.5707317073170757,0.811405777402052,0.42279641725184647,1.0421192801301937,-0.19652644562650073,1.0,1.0,0.34422218328444043,0.2592530872070374,0.04199495609881499,-0.3712037229228567,0.26666666666666666,5.0,2.342894496985638,-0.5521526901950146,0.0,1.3531648687845728,0.0,0.0
CG0059,2024-04-04 08:00:00,1670,LONG,EXP-005H-v1,True,-4.653295128939829,-1.2799214701739416,1.214166989570238,4.0,-4.8793248945147685,-1.5427516332236066,-0.7457032156456078,-1.5188960092220762,0.02748957793086055,0.0,0.0,1.2176301864372598,-4.11712307561082,-0.40987796429164175,-0.7152840068857808,0.03333333333333333,5.0,-3.755630616505884,-2.5743714423872133,0.0,-2.170784986009365,0.0,0.0
CG0060,2024-04-06 12:00:00,1683,LONG,EXP-005H-v1,True,-3.1502199874292844,-0.24844793534293147,0.4035279591953728,4.0,-2.33060747663552,-0.5430413961101948,-0.3137258424270138,-0.9226339370541873,0.29518225220015976,0.0,0.0,0.5464657127551179,-4.638527991024613,-0.5218059517030302,-1.540695604192291,0.0,4.0,0.5808799652597338,-4.095486594914419,0.0,-1.527301632590993,0.0,0.0
CG0061,2024-04-09 00:00:00,1698,SHORT,EXP-005H-v1,True,3.263309352518,1.3524455856081705,-0.3698028220645894,0.0,4.94970414201185,2.129073230310367,0.6947879071906073,0.7128535903376831,0.6767222240435316,0.8,5.0,1.7827085398398372,-1.762530306725629,-0.360955409383717,-1.6234053449141408,0.0,0.0,4.692961368104205,-3.8916035370359965,0.0,1.2097568416579687,1.0,0.0
CG0062,2024-04-14 20:00:00,1733,LONG,EXP-005H-v1,True,-3.2436974789915967,-1.2452012267997363,0.6594689860609856,0.0,-4.018281535648995,-1.8334852144819644,-0.7532301743144154,-1.538552370947166,0.03209202231833522,0.0,2.0,0.04556029294594702,-4.393050686104229,-0.4071997470828855,-0.722338512312,0.0,0.0,-3.144284203295586,-2.559565471622265,0.0,-1.5607550667898296,0.0,0.0
CG0063,2024-04-16 20:00:00,1745,LONG,EXP-005H-v1,True,-5.848323409589473,-1.0486038564422855,0.07465408065944384,0.0,-5.970333745364654,-1.5418686099339802,-0.5374432897190776,-1.0443424202197844,-0.03054415921837077,0.0,0.0,0.4126984152754082,-6.089181608598441,-0.569319579881792,-1.5625064830703326,0.0,0.0,-1.4389498131951826,-4.547312998664461,0.0,-2.1045296697927376,0.0,0.0
CG0064,2024-04-21 12:00:00,1773,SHORT,EXP-005H-v1,True,3.480740370185092,1.1676676360735818,-0.910593139006371,0.0,4.054358013120899,1.5715646479401402,0.7286774360450422,1.1256301536521227,0.33172471843796164,1.0,1.0,0.927790652346001,-3.6566605868943736,-0.4562421080345637,-2.113366173750135,0.0,0.0,4.738850347241349,-5.228225234834514,0.0,2.0069395861185484,1.0,0.0
CG0065,2024-04-23 12:00:00,1785,SHORT,EXP-005H-v1,True,4.556053811659195,0.6200830115025053,-0.6713809614539333,0.0,5.622340425531909,1.586706942173467,0.6561871755118068,1.394304591766697,-0.08193024074308311,1.0,0.0,0.3184613656801085,-3.679144759483497,-0.4254942914448976,-2.019921687562748,0.0,0.0,4.431518238132532,-5.265851701656964,0.0,4.095471156789515,1.0,0.0
CG0066,2024-04-25 12:00:00,1797,LONG,EXP-005H-v1,True,-2.363744075829388,-1.2715618265688589,0.37994529666066756,0.0,-1.817748659916618,-1.735261331629415,-0.6207565534684852,-0.7043989869096703,-0.5371141200273002,0.3,1.0,-2.2473580113035494,-6.447715356261349,-0.5438465093671883,-1.4049296192876544,0.0,0.0,-2.2701434917500234,-4.712454024631934,0.0,1.3024590283017254,0.0,0.0
CG0067,2024-04-27 16:00:00,1810,LONG,EXP-005H-v1,True,-4.828571428571428,-0.664092427821268,1.4362925573483936,0.0,-5.938803894297644,-1.597572598938793,-0.7213776027774005,-1.2878868876956777,-0.15486831785912328,0.0,0.0,-0.026438564321013876,-7.753661419759085,-0.7595960796606105,-1.9051655204810707,0.0,0.0,-3.1363181311965564,-6.156088820820292,0.0,-1.0512990858436801,0.0,0.0
CG0068,2024-04-30 20:00:00,1829,LONG,EXP-005H-v1,True,-2.910526315789478,-1.3911287075648264,1.32240077756081,0.0,-3.641729581331505,-2.3892729474145753,-0.718443933288722,-1.1720873303970818,-0.2648005361803622,0.0,2.0,-0.6824082083812296,-8.659340912617788,-0.7574121456463069,-2.1588506668211696,0.0,0.0,-0.5263120433423584,-6.270067965203213,0.0,-0.23863518704417847,0.0,0.0
CG0069,2024-05-05 20:00:00,1859,SHORT,EXP-005H-v1,True,2.32437619961612,-0.14270247485983248,-0.11846432519403678,0.0,2.2554257095158565,0.17017184389012108,0.015438340526024144,0.43045804119685155,-0.3995813601448033,0.7,4.0,-1.1666850862719795,-5.233974457831624,-0.5208856567102487,-2.037026969283657,0.0,0.0,2.0106764051989954,-5.404146301721744,0.0,2.2367585376409425,1.0,0.0
CG0070,2024-05-08 08:00:00,1874,LONG,EXP-005H-v1,True,-2.9166666666666665,-1.374656008227701,0.09706163507424324,0.0,-0.9902182091798359,-1.5335789218063272,-0.427749095245137,-0.6821188391478472,-0.1733793513424268,0.1,4.0,-1.5932761947121974,-6.230254362697108,-0.5483950026650822,-1.495237826905771,0.0,0.0,-1.5262636198184714,-4.696675440890782,0.0,0.4379857315819432,0.0,0.0
CG0071,2024-05-14 12:00:00,1911,LONG,EXP-005H-v1,True,-2.786240786240783,-0.76044520100586,0.2916446125306719,0.0,-2.638190954773869,-1.1423173731474172,-0.3336015026106315,-0.55661805329919,-0.11058495192207299,0.1,2.0,-0.04137189644955235,-5.741711939171537,-0.5334209846936955,-1.5205571564907185,0.0,0.0,-0.44443127191247533,-4.59939456602412,0.0,-0.3172472332045194,0.0,0.0
CG0072,2024-05-19 04:00:00,1939,SHORT,EXP-005H-v1,True,6.222222222222227,1.4424528393613052,-0.8573474395082146,1.0,5.799814643188143,1.749510858745553,0.8181291436764419,2.034568206014105,-0.3983099186612215,1.0,0.0,-2.7741418853468187,0.5748253290128904,0.07242603107428366,-0.7066029582471834,0.4,1.0,4.014757462216677,-1.1746855297326624,0.0,3.8127153980397255,0.0,0.0
CG0073,2024-05-21 16:00:00,1954,SHORT,EXP-005H-v1,True,3.225970719287085,1.3261369010949235,-0.8823740336197693,3.0,3.69933774834438,1.6712712686032491,0.8504980139013482,0.9526558662823956,0.7483401615203007,0.7,4.0,1.9029732727904551,1.830896348646438,0.08491909823199593,0.0790624254861643,0.6666666666666666,3.0,1.5074241939999384,0.15962508004318887,1.0,1.5596519734849918,0.0,0.0
CG0074,2024-05-25 20:00:00,1979,LONG,EXP-005H-v1,True,-4.337021276595746,-0.8125249127891926,0.3193329683891684,3.0,-3.9489590329079878,-0.8973515945333569,-0.3579532553536018,-0.8804940306011171,0.16458751989391346,0.0,3.0,0.17532277472468968,-1.5677310223375054,-0.15411201292125098,-0.003524257842469849,0.5333333333333333,3.0,-1.8982465029977373,-0.6703794278041485,0.0,-1.0880494945715076,0.0,0.0
CG0075,2024-05-27 20:00:00,1991,LONG,EXP-005H-v1,True,-3.0521327014218027,0.5116914596903309,1.0401184872886076,2.0,-3.185628742514968,-0.09690038805150486,-0.07356133388714646,-0.5228872973937411,0.3757646296194482,0.1,2.0,1.2606118482919368,-1.727326362801224,-0.22905680744431195,-0.5988619483201285,0.13333333333333333,2.0,0.6536834536834525,-1.6304259747497192,0.0,-1.4058432079684744,0.0,0.0
CG0076,2024-06-01 04:00:00,2017,LONG,EXP-005H-v1,True,-2.05518763796909,-0.7070798076391079,0.09357131851954172,0.0,-1.7748633879781404,-0.8763850592765454,-0.35161036483753516,-0.7848122492916243,0.08159151961655389,0.0,0.0,0.6165062383626642,-3.448458525372434,-0.3429909682174481,-0.8253727964378094,0.0,0.0,-0.9638928193492863,-2.5720734660958886,0.0,-0.9195918257062495,0.0,0.0
CG0077,2024-06-05 08:00:00,2042,SHORT,EXP-005H-v1,True,2.2605790645879784,0.6399592181508605,-0.3361770949609445,0.0,1.67708333333333,0.9217601995667128,0.3904795984412675,0.7147566618891009,0.0662025349934341,1.0,4.0,0.714410004777565,-0.5775406549175058,-0.0927472454544192,-0.6559903725348779,0.0,0.0,2.1518065315958204,-1.4993008544842186,0.0,0.9877537004406343,1.0,0.0
CG0078,2024-06-10 08:00:00,2072,LONG,EXP-005H-v1,True,-2.202745512143608,0.01865986973575604,0.61013891917415,2.0,-4.190023752969121,-1.8396315957466938,-0.43326511534877177,-1.3502761775656775,0.483745946868134,0.0,1.0,1.317022020796085,-4.457078291150267,-0.409937593572949,-0.7073386075680211,0.06666666666666667,2.0,-3.192629993201834,-2.617446695403573,0.0,-1.2851052363908906,0.0,0.0
CG0079,2024-06-14 04:00:00,2095,LONG,EXP-005H-v1,True,-2.1395348837209336,-1.0208763321080556,0.10679501865666469,2.0,-2.0337837837837838,-1.3071655050684365,-0.4691547629506219,-0.5317199442610318,-0.40658958164021214,0.2,4.0,0.011449673990759504,-4.186703139235084,-0.3393867309105294,-0.9804913220131433,0.0,2.0,-1.6697572287262887,-2.8795376341666477,0.0,-1.0328189819481495,0.0,0.0
CG0080,2024-06-16 04:00:00,2107,LONG,EXP-005H-v1,True,-2.7999999999999963,-1.2177592876064858,0.13211796428313907,0.0,-3.4312138728323687,-1.5951820207009393,-0.6056595546996597,-1.5901818397577914,0.3788627303584718,0.0,1.0,-0.3358297209358444,-6.549484588810643,-0.675824265758963,-1.7051770182444639,0.0,0.0,-2.4645153940630866,-4.954302568109704,0.0,-1.3574755396298817,0.0,0.0
CG0081,2024-06-18 20:00:00,2123,LONG,EXP-005H-v1,True,-2.945701357466065,-1.4112217916035539,1.162847772098883,0.0,-3.903686087990487,-2.3798848342527705,-0.9908261960813977,-1.3241305775416998,-0.6575218146210955,0.0,0.0,-1.8554175794143057,-5.7837182713678175,-0.4629943627119113,-1.1014032704924963,0.0,0.0,-2.3173731405140185,-3.4038334371150465,0.0,-0.9575521552242133,0.0,0.0
CG0082,2024-06-21 00:00:00,2136,LONG,EXP-005H-v1,True,-2.951599671862181,-0.6651231990967189,0.8194190875152164,0.0,-3.0080775444264938,-1.0106246126372862,-0.2805629364035699,-0.7867270307177322,0.22560115791059235,0.0,0.0,-0.16319219383800435,-5.940629573740189,-0.5943211693756827,-1.6896142870563662,0.0,0.0,-0.5749518375811955,-4.930004961102903,0.0,-1.3135077451202104,0.0,0.0
CG0083,2024-06-29 04:00:00,2185,SHORT,EXP-005H-v1,True,2.6946631671041166,0.7040474006153976,-0.04207965919492757,0.0,3.3099824868651546,1.4944204839450153,0.231873587405516,0.3910287594355575,0.07271841537547452,0.9,4.0,2.134365286098596,-1.990588180946436,-0.3337204056574673,-1.285237322052491,0.0,0.0,1.4728360413272605,-3.4850086648914513,0.0,1.1993521317521652,1.0,0.0
CG0084,2024-07-03 08:00:00,2210,SHORT,EXP-005H-v1,True,2.2017804154302687,0.6731810384517735,-1.778852539381985,2.0,3.5356415478615033,1.787106722406888,0.8584478614169966,1.5916141266844164,0.12528159614957696,1.0,1.0,0.10492355152331714,0.25706348778748767,-0.020615722280958856,-0.6974426075694575,0.2,1.0,4.730267866751299,-1.5300432346194002,0.0,2.2472079242115544,0.0,0.0
CG0085,2024-07-06 04:00:00,2227,LONG,EXP-005H-v1,True,-2.843171806167403,-1.2765106380663003,0.5157975722161232,2.0,-2.9174311926605525,-1.546779180621268,-0.6848426693544555,-1.5882462103823123,0.21856087167340135,0.0,1.0,-0.8398883461926127,-3.4615523437528757,-0.34522067327342787,-0.43118444120477567,0.2,2.0,-3.712214252417945,-1.9147731631316076,0.0,-1.0541643368214055,0.0,0.0
CG0086,2024-07-08 08:00:00,2240,LONG,EXP-005H-v1,True,-2.6378103119032494,1.028439024429058,2.8637141887146598,2.0,-5.691868758915836,-1.3652206790687615,-0.6324016216065559,-0.7334713355509287,-0.531331907662183,0.1,2.0,-0.17523051894265196,-5.008847985670773,-0.4356109664871458,-1.231924949416735,0.0,2.0,-0.10159333913772048,-3.6436273066020113,0.0,-2.125291926967928,0.0,0.0
CG0087,2024-07-09 20:00:00,2249,SHORT,EXP-005H-v1,True,4.426470588235295,0.5726317969795686,-0.041609964928467,2.0,1.4968041836141808,1.007799190872449,0.22482835868887016,0.2186545038148251,0.23100221356291523,0.8,5.0,2.774953863413532,-1.4507719632468192,-0.24648649656530008,-1.0902602574216167,0.0,2.0,2.4684856310465704,-2.458571154119268,0.0,0.22959866191660608,1.0,1.0
CG0088,2024-07-15 08:00:00,2282,SHORT,EXP-005H-v1,True,4.653352353780319,1.3160541014393228,-0.4352634912181582,1.0,5.650724637681166,2.1094487125446535,0.7511856488379609,1.8754018946991544,-0.37303059702323266,1.0,0.0,-1.4391700106411807,3.658802773006591,0.34474790226017854,0.42507027269290154,0.6666666666666666,1.0,3.7949392227462444,1.5493540604619371,1.0,3.159414488059622,0.0,0.0
CG0089,2024-07-17 16:00:00,2296,SHORT,EXP-005H-v1,True,2.2552664188351934,0.7411127794912549,-0.763938926032437,1.0,2.738749999999998,1.1901050175665624,0.441545265276697,0.9298348391500887,-0.04674430859669465,1.0,0.0,-0.7723348391500867,3.4568214407774023,0.3236235138982293,0.8576440612470269,1.0,1.0,0.7810918724561031,2.26671642321084,1.0,1.545383771327619,0.0,0.0
CG0090,2024-07-26 00:00:00,2346,LONG,EXP-005H-v1,True,-2.4428152492668627,-0.521273875382712,1.7552509649302046,3.0,-4.30689399555226,-1.7507125462911763,-0.8714700703845772,-1.4509954847091868,-0.2919446560599676,0.0,0.0,-1.0708725656985218,-1.8966778135057296,-0.1371175022067236,0.1367138882970347,0.6,3.0,-3.538039954341546,-0.14596526721455338,0.0,-2.2166474676388805,0.0,0.0
CG0091,2024-08-01 08:00:00,2384,LONG,EXP-005H-v1,True,-3.9653916211293168,-1.32071097596282,0.8887889581293182,5.0,-4.161145926589076,-2.200259563563149,-0.6691928660441668,-0.987049995664618,-0.3513357364237155,0.0,1.0,-1.118590111765996,-3.288886234287241,-0.19393667449045038,-0.22736790139106147,0.26666666666666666,6.0,-2.5179526242671706,-1.0886266707240921,0.0,-1.0697227389677804,0.0,0.0
CG0092,2024-08-03 20:00:00,2399,LONG,EXP-005H-v1,True,-3.341288782816227,-1.292775864694142,0.043643456912761926,3.0,-4.2016317016317,-2.420373538155972,-0.679563974798254,-1.3087613810816325,-0.05036656851487563,0.0,0.0,-1.4488143764941246,-4.450534160753321,-0.32685569162919315,-0.5979368184456394,0.0,3.0,-3.6861367460874503,-2.0301606225973496,0.0,-1.6732098069241226,0.0,0.0
CG0093,2024-08-06 00:00:00,2412,LONG,EXP-005H-v1,True,-3.0293584632113117,-1.0733909277273652,0.6936399658255995,2.0,-3.90540037243948,-1.8917289206244683,-0.910788430816821,-1.5129550892174906,-0.3086217724161515,0.0,0.0,-0.8490560839668664,-4.443239058803014,-0.3971348131265658,-0.7684957520183328,0.0,2.0,-2.293556310140525,-2.551510138178546,0.0,-1.7331609726636572,0.0,0.0
CG0094,2024-08-08 00:00:00,2424,LONG,EXP-005H-v1,True,-2.8656891495601187,-0.15905573460166328,1.079355331260889,0.0,-3.51871657754011,-1.0552886505298065,-0.37739880661661523,-0.7432561421362406,-0.011541471096989945,0.0,0.0,-0.04699935400160515,-5.4419503358492,-0.5286804285740885,-1.566530196906018,0.0,0.0,-0.7506043604376268,-4.386661685319394,0.0,-1.897076534619332,0.0,0.0
CG0095,2024-08-10 12:00:00,2439,SHORT,EXP-005H-v1,True,5.238900634249459,0.4708335915403978,-0.3672355883843583,0.0,4.1601685985247565,0.8152484466532364,0.3576250382210084,0.7989265070314044,-0.08367643058938766,1.0,1.0,0.366510795392192,-5.241597305617289,-0.5587589060257502,-2.45251614128815,0.0,0.0,2.9934181983459482,-6.056845752270526,0.0,1.525679772369816,1.0,0.0
CG0096,2024-08-20 12:00:00,2499,SHORT,EXP-005H-v1,True,2.9042553191489393,0.5294314134837768,-0.7072909112934853,0.0,1.2309985096870273,1.6822026735248283,0.4280341393828898,0.26995575058670535,0.5861125281790743,0.5,5.0,0.7732633254192461,-3.7018423188692173,-0.5576705263000546,-2.0401456659971036,0.0,0.0,4.452505100172813,-5.384044992394045,0.0,1.706872489386791,1.0,1.0
CG0097,2024-08-25 00:00:00,2526,SHORT,EXP-005H-v1,True,5.32324131789849,1.3105941418428702,-1.4916021564439665,1.0,6.926736441484305,2.400582675697403,1.097707969545623,2.2855600588627443,-0.09014411977149801,1.0,0.0,-0.7936475945430492,3.810793209854937,0.3558392451127509,0.3171562975825802,0.6666666666666666,1.0,4.290968770687324,1.4102105341575342,1.0,3.9754760814520305,0.0,0.0
CG0098,2024-08-28 08:00:00,2546,LONG,EXP-005H-v1,True,-2.7381703470031624,-1.0908932752246203,1.2460895241872179,4.0,-3.8107883817427437,-2.5026196885915977,-0.7191683235075693,-1.1373403232203403,-0.30099632379479835,0.0,1.0,-1.8717883074850559,-2.209968549874791,-0.06261933125429062,0.42999403549390874,0.7666666666666667,4.0,-5.533739225026277,0.2926511387168067,1.0,-0.9373333188761969,0.0,0.0
CG0099,2024-08-31 00:00:00,2562,LONG,EXP-005H-v1,True,-3.618386816999135,-1.1328988092014842,1.213639936692862,3.0,-3.9875486381322953,-1.1491920130577877,-0.481665195303946,-0.6474687763115073,-0.3158616142963847,0.1,2.0,-0.5945545699919919,-1.88139387326251,-0.1263105406456105,-0.2130387072152954,0.23333333333333334,3.0,-1.4637855308277228,-0.7322018602047223,0.0,-1.5316757417573441,0.0,0.0
CG0100,2024-09-02 20:00:00,2579,LONG,EXP-005H-v1,True,-2.697247706422017,-0.9384982645945315,0.6793624789383618,3.0,-2.8510182207931445,-1.842966045505918,-0.8254047341597255,-1.468878108450028,-0.1819313598694231,0.0,0.0,-0.5868560823323941,-4.392087440474932,-0.3960144295019719,-0.7931301171856042,0.0,3.0,-2.3848280420460806,-2.549121394969014,0.0,-1.9391600785111793,0.0,0.0
CG0101,2024-09-04 20:00:00,2591,LONG,EXP-005H-v1,True,-3.0000000000000013,-1.003661697601597,0.9414555979008056,0.0,-2.8848484848484888,-1.08447655134153,-0.5984031259522263,-1.2470428282734438,0.05023657636899103,0.0,0.0,-0.2317450505144397,-4.034152843020641,-0.42445939747877187,-0.9648848413127505,0.0,0.0,-1.679021659355345,-2.949676291679111,0.0,-1.6471188807115378,0.0,0.0
CG0102,2024-09-10 00:00:00,2622,SHORT,EXP-005H-v1,True,2.3230769230769215,0.7702068366793702,-0.6845257804568224,0.0,3.6924803591470265,1.538499102071589,0.6296587492856514,1.2502790317171935,0.009038466854109294,1.0,1.0,0.14814970004487352,-0.8850957333771823,-0.14333533903729478,-1.071696401370405,0.0,0.0,4.6806353382798855,-2.423594835448771,0.0,1.6560746559759822,1.0,0.0
CG0103,2024-09-13 00:00:00,2640,SHORT,EXP-005H-v1,True,3.073947667804338,1.3072669393208873,-0.6329009715366994,1.0,4.119503945885017,1.7897170197973185,0.7713537223383246,1.2395338414306625,0.3031736032459867,0.9,2.0,1.3647502622897523,1.199121252791292,0.039501588756464236,-0.2521818053984072,0.23333333333333334,1.0,2.4197779310383423,-0.5905957670060266,0.0,2.122514892744902,0.0,0.0
CG0104,2024-09-17 12:00:00,2667,LONG,EXP-005H-v1,True,-2.15507411630558,-0.11251855184171328,1.5620228928174387,2.0,-4.30088495575221,-1.798065037393036,-0.7857502054791744,-1.6975861670030112,0.12608575604466243,0.0,1.0,-0.1962191427314996,-2.9757573974459275,-0.281117289091575,-0.08649206200918878,0.5666666666666667,2.0,-4.652866824401445,-1.1776923600528917,0.0,-1.349831616768828,0.0,0.0
CG0105,2024-09-20 16:00:00,2686,SHORT,EXP-005H-v1,True,2.02591792656588,0.7546976288451466,-1.4557328579605964,2.0,1.917391304347829,1.2441388010324799,0.6630172432107232,1.2221159198434672,0.10391856657797909,1.0,1.0,0.3452753845043576,1.0679814139463866,0.08945790806836873,-0.33431177929095734,0.3333333333333333,2.0,3.271764702002564,-0.17615738708609338,0.0,0.7431967852434527,0.0,0.0
CG0106,2024-09-25 20:00:00,2717,SHORT,EXP-005H-v1,True,3.2830188679245227,1.4541512709975095,-0.6628189340308698,3.0,3.940271493212672,1.8814190814259104,0.8907722976086238,1.8341154945418416,-0.052570899324594085,1.0,1.0,0.8265179896210568,3.9599272566450767,0.38400014513660885,0.5601332429623331,0.9666666666666667,3.0,3.464304823030178,2.078508175219166,1.0,1.7486851280638722,0.0,0.0
CG0107,2024-09-28 04:00:00,2731,SHORT,EXP-005H-v1,True,5.380782918149461,0.8864780889126647,-0.821671881281829,2.0,6.428312159709622,1.8376112806875489,0.7592345230987649,1.9427428167759373,-0.42427377057840737,1.0,0.0,-1.0407464465400034,5.786206922768375,0.6007991433483876,1.2488130212863058,1.0,2.0,0.9225911539299315,3.9485956420808255,1.0,2.757728765722089,0.0,0.0
CG0108,2024-10-01 08:00:00,2750,LONG,EXP-005H-v1,True,-2.344627299128749,-0.6320750346009478,1.6754408261447162,0.0,-1.691275167785234,-0.7010154989600107,-0.5843438610791538,-0.6455230404959305,-0.5231646816623772,0.2,1.0,-1.555819241383259,2.6839942871742912,0.3111946709901906,1.4782580948556798,1.0,0.0,-3.20908764119739,3.385009786134302,1.0,-0.699039998388457,1.0,0.0
CG0109,2024-10-03 20:00:00,2765,LONG,EXP-005H-v1,True,-4.897338403041823,-1.3958356529115727,0.9302458985092159,1.0,-4.493059411438085,-1.5036433282416781,-0.6880904281935536,-1.4791606047901764,0.10297974840306909,0.0,0.0,0.0022033588157214044,-1.5242009336818256,-0.136984805345918,0.18719325018754857,0.5666666666666667,1.0,-3.2329191053355153,-0.020557605440147463,0.0,-2.380375062224793,0.0,0.0
CG0110,2024-10-06 04:00:00,2779,LONG,EXP-005H-v1,True,-6.834951456310687,-1.0348629344156886,0.45068170005838243,1.0,-6.434895833333339,-1.1009521694703381,-0.34816473587094643,-0.6901522698873672,-0.006177201854525727,0.0,0.0,-0.13016023011263433,-2.1873417687773062,-0.1762163060349905,-0.5658603463158596,0.1,1.0,2.2469413670153497,-1.0863895993069683,0.0,-2.8182097222040157,0.0,0.0
CG0111,2024-10-07 16:00:00,2788,SHORT,EXP-005H-v1,True,2.0712742980561547,0.13210850131088522,-0.9063821873244482,3.0,3.1533018867924474,0.38648898866057496,0.3140002528564934,0.10811934532480744,0.5198811603881794,0.6,1.0,1.130088201844997,-0.35198336178620393,-0.0805186184132369,-0.5510306416391834,0.06666666666666667,3.0,1.6210405602569384,-0.7384723504467788,0.0,-0.2736083460355347,1.0,1.0
CG0112,2024-10-10 08:00:00,2804,LONG,EXP-005H-v1,True,-2.4271356783919655,-1.4119131203330122,0.2908591178185091,2.0,-2.723192019950125,-1.7709917334539627,-0.6148858513188928,-1.1656794751619028,-0.06409222747588277,0.0,3.0,-0.10863473930194256,-3.603726382293896,-0.29634759698652335,-0.5362227991999885,0.06666666666666667,2.0,-3.0957152182060477,-1.8327346488399332,0.0,-0.7666371471599789,0.0,0.0
CG0113,2024-10-15 00:00:00,2832,SHORT,EXP-005H-v1,True,3.555304740406328,0.9783538028626018,-0.851704891919594,5.0,3.8862343572241267,1.746871494767465,0.542705002822517,0.5489176328504926,0.5364923727945413,0.7,2.0,0.32707781652379786,1.2459091920462486,-0.018547130507890978,-0.3280455372427703,0.13333333333333333,5.0,2.3431080461316243,-0.5009623027212164,0.0,1.3438440592884775,0.0,0.0
CG0114,2024-10-23 00:00:00,2880,SHORT,EXP-005H-v1,True,2.0770712909441214,0.5106605302373164,-0.1614593993654614,6.0,2.486751717369974,0.7525416188879502,0.29499906627760364,0.5597346494729725,0.03026348308223471,1.0,3.0,-0.8070359252335256,1.1467970337842677,0.09142863940541499,0.041613178813266705,0.5,6.0,1.625148564291767,0.39425541489631755,1.0,0.9947992446321199,0.0,0.0
CG0115,2024-10-26 16:00:00,2902,LONG,EXP-005H-v1,True,-3.2741935483870983,-1.194031680480919,0.3214022817906384,2.0,-3.813099041533539,-1.9668462750767244,-0.7082330818544936,-1.1437251411409923,-0.2727410225679949,0.0,0.0,-1.1933355617344024,-3.126996664093229,-0.21942556668802657,-0.2254669052617591,0.3333333333333333,2.0,-4.087715561227995,-1.1601503890165046,0.0,-1.5408343024096884,0.0,0.0
CG0116,2024-10-31 04:00:00,2929,SHORT,EXP-005H-v1,True,4.305084745762714,1.1633077951693296,-0.1886426982364347,2.0,4.237926972909309,1.5486537413552734,0.4905984561352961,1.2123785779205676,-0.23118166564997542,1.0,1.0,0.4366202442231338,1.034445405982114,0.058849556756178645,-0.4407824276149581,0.3,2.0,3.164362906205535,-0.5142083353731594,0.0,1.508755967332269,0.0,0.0
CG0117,2024-11-04 08:00:00,2954,LONG,EXP-005H-v1,True,-3.092198581560285,-1.4153876257880968,0.2343899043962527,4.0,-3.0179640718562917,-1.8367746209995315,-0.6767248610419122,-1.0363286850920355,-0.317121036991789,0.1,2.0,-2.3029926721934015,-2.774665030285293,-0.1821229273219328,-0.16710516520756719,0.5,4.0,-1.3826362387451614,-0.9378904092857614,0.0,-0.488946365767076,0.0,0.0
CG0118,2024-11-12 08:00:00,3002,SHORT,EXP-005H-v1,True,4.336789192585611,1.1446856960569676,-0.9657178833802986,1.0,5.69655172413793,1.929960121309195,0.7842857586179275,1.8120215522624057,-0.24345003502655058,1.0,0.0,-1.5270762200504628,5.188362734081624,0.514673909227708,0.9952784810204053,1.0,1.0,3.0960998542719986,3.2584026127724286,1.0,2.5126648493201316,0.0,0.0
CG0119,2024-11-14 08:00:00,3014,SHORT,EXP-005H-v1,True,3.417840375586854,0.3730431944831351,-0.41146752749145377,0.0,3.613905325443788,0.7424665758522707,0.3122933919619199,0.4166614201626635,0.2079253637611763,0.7,2.0,-0.1577856805176928,4.397837541418487,0.4202433829627891,1.399075706311858,1.0,0.0,-1.2036915835874913,3.6553709655662163,1.0,1.089053938798823,0.0,0.0
CG0120,2024-11-17 08:00:00,3032,SHORT,EXP-005H-v1,True,2.6288377192982457,0.9600690341084184,-0.9181513859766203,0.0,2.531062670299728,1.2241803753926872,0.6889500843670657,1.5978573890426346,-0.21995722030850298,1.0,2.0,-0.23981924190366935,5.046141314822328,0.5525973911450694,1.1932069759290684,1.0,0.0,1.7953823007596843,3.8219609394296405,1.0,1.1403462842927035,0.0,0.0
CG0121,2024-11-19 08:00:00,3044,SHORT,EXP-005H-v1,True,5.531976744186044,0.9196604269081805,-0.15254901399696874,0.0,4.8877740616871055,1.3336647031966542,0.5199067163062969,1.0773963435081697,-0.037582910895575895,1.0,0.0,-0.30482109267204793,7.01825525202618,0.6957941682764937,1.9400326379758925,1.0,0.0,-0.19062365578868024,5.684590548829527,1.0,1.5958294991732271,0.0,0.0
CG0122,2024-11-24 08:00:00,3074,SHORT,EXP-005H-v1,True,3.861342430019065,0.8539221471944966,-1.2469827717071629,0.0,4.732473811442385,1.899046895921601,0.879668449579441,2.0160349257750987,-0.2566980266162166,1.0,0.0,0.06394090017171927,6.773030611510215,0.7007119364791863,1.521515094211472,1.0,0.0,2.738997016469817,4.873983715588614,1.0,1.5991394012212174,0.0,0.0
CG0123,2024-11-26 08:00:00,3086,SHORT,EXP-005H-v1,True,2.043523555967125,-0.9871861038480816,-0.5408275429898322,0.0,2.960884353741497,-0.18371281412134544,0.03455614483680395,0.45267667062330547,-0.3835643809496976,0.7,1.0,-0.26730252096344115,5.46045290486019,0.6435672063240759,2.0444739634145743,1.0,0.0,-2.451093041533383,5.644165718981537,1.0,1.0404389123443487,1.0,0.0
CG0124,2024-11-30 16:00:00,3112,SHORT,EXP-005H-v1,True,3.2023790387397533,1.082626858606417,-1.2889449549690357,0.0,1.9776785714285732,1.2925861413788664,0.5911854154534717,1.0916067638767686,0.09076406703017476,1.0,2.0,0.24098252183751506,8.164157340935734,0.8193432608330776,2.2616408780219244,1.0,0.0,0.8748926863853794,6.871571199556868,1.0,0.06956828888779719,0.0,0.0
CG0125,2024-12-03 12:00:00,3129,SHORT,EXP-005H-v1,True,2.4226227470478543,0.7262349561996372,-1.6049639101501787,0.0,4.363212802592932,2.135803008698718,0.7857489271118109,1.1949028623079205,0.3765949919157012,1.0,0.0,1.5149117836963348,6.9812496388533285,0.6080866153963689,1.5968696952135406,1.0,0.0,1.9500899803601635,4.84544663015461,1.0,0.5656732351425842,0.0,0.0
CG0126,2024-12-05 20:00:00,3143,SHORT,EXP-005H-v1,True,2.097306212204507,-0.3220029392461822,-1.290256574440841,0.0,1.8967411204686924,0.2029639992547773,0.1944034763671661,0.47221384103132535,-0.08340688829699314,1.0,0.0,-0.800298791598881,5.87571724498473,0.6429141148260608,1.985943190557216,1.0,0.0,0.6081970991098081,5.672753245729953,1.0,0.46891552736447023,0.0,0.0
CG0127,2024-12-10 20:00:00,3173,LONG,EXP-005H-v1,True,-2.648606115107913,-1.261469630083879,0.5247426236370961,0.0,-3.210949330227143,-2.3454009552364727,-0.8938258142464212,-1.401207109125762,-0.38644451936708035,0.0,1.0,-1.8635570143454088,0.6660493123305994,0.20186545449229812,1.2428326198953636,1.0,0.0,-4.670389075715212,3.011450267567072,1.0,-2.0501030539704974,1.0,0.0
CG0128,2024-12-13 16:00:00,3190,LONG,EXP-005H-v1,True,-2.075422626788039,0.09142145233449143,0.3705543355466047,0.0,-2.23397075365579,-0.336865142379194,-0.00870599641585938,0.33790807919131194,-0.3553200720230307,0.7,4.0,-0.3964007676052587,3.042323211334806,0.3968023756602919,1.0464345853247987,1.0,0.0,0.9371186591944127,3.3791883537140004,1.0,-1.5523801698898834,1.0,1.0
CG0129,2024-12-16 00:00:00,3204,SHORT,EXP-005H-v1,True,2.426584234930453,-0.4529695273569939,-0.40438310745691786,0.0,2.877598152424948,0.3271809228708948,-0.11465927366375332,-0.443417294130489,0.21409874680298238,0.1,4.0,-0.12563582365241557,4.289654744537937,0.3706926949366045,1.3867974470736164,1.0,0.0,-2.138865275316271,3.9624738216670417,1.0,-1.1887828966078844,0.0,0.0
CG0130,2024-12-19 08:00:00,3224,LONG,EXP-005H-v1,True,-2.3717647058823537,-1.4357281390884435,0.8178584691794488,2.0,-2.990117130307469,-1.6633569596588964,-0.6474939488828789,-0.9460117136342138,-0.3489761841315442,0.0,6.0,-1.342055636292579,-0.0019078635704073428,0.09915882259252687,0.6613706038567834,0.9,1.0,-3.4012865319176395,1.6614490960884891,1.0,-1.478651864346778,0.0,0.0
